x1,x2,y
-0.46595006215739326,0.03526015481369809,0.0
-0.07735580603232463,0.2998513233653449,0.0
-0.3054980027740006,0.38088236137278614,0.0
-1.7081686604549648,-1.1839244178270154,0.0
-2.0145581185684027,-1.7713952807304911,0.0
-0.01029135775423305,-0.31075089980636983,0.0
-0.23162837432518976,0.38941932800904544,0.0
1.0590479037707619,0.940708053419767,0.0
-0.26161800726419826,-0.6100480667735647,0.0
0.20242562362777336,0.04660823859484045,0.0
0.2118527819030828,-0.46584841379130343,0.0
0.41822854999543774,0.872081833276455,0.0
0.4796825490825161,0.3004281065787663,0.0
0.5779071069825532,0.6885187904372535,0.0
1.0412238130656177,1.602986277001217,0.0
0.8342881982781886,1.9213999958910224,0.0
1.7777248154540748,1.3232840063513907,0.0
-1.410832093753517,-0.9526780967671649,0.0
-1.006399599739582,-1.0998996699012105,0.0
1.0559539882049593,1.3887712549914564,0.0
-1.0892993852705752,-1.132335700551158,0.0
0.7807982678839019,1.0978452480509586,0.0
-0.7162591267596772,-0.9372520213844945,0.0
0.5526429592955951,0.7878049307955379,0.0
-1.3157198634765128,-0.5503429494396337,0.0
0.11600248513492803,-0.020638956558770474,0.0
0.7092641799025231,1.2810916919885424,0.0
1.177599578349206,0.7857782288140397,0.0
-0.13938240117742806,-0.12971114225021926,0.0
-0.3558422916074378,-0.20924130024840296,0.0
-1.0874652561866827,-0.5029810331542245,0.0
-1.3081251298340562,-1.286080342535736,0.0
1.084586286708031,0.7191313944044616,0.0
-1.0361645268454236,-0.7521166198294523,0.0
1.143980070286064,1.1327371807967053,0.0
-0.9503577742854965,-0.7817950211485225,0.0
-0.42231948547288706,-1.191482778233979,0.0
0.06755907608492794,1.091722703613421,0.0
-0.46503567795004586,-0.6569749860139851,0.0
1.0562629610855827,0.8449347196777256,0.0
0.34883887773752653,-0.4063704886555959,0.0
0.011756031675984732,0.6010771910168922,0.0
-0.8000852722790834,-0.2211513790719825,0.0
1.2083040187431944,1.249023809064024,0.0
-0.18909645752217386,0.05066192984615619,0.0
-1.0027041812843185,-0.9449746633294812,0.0
0.43300861745116703,0.6080241173715304,0.0
-1.7647659452518412,-1.3059159845364223,0.0
1.3895418288658465,0.6161792047795535,0.0
-1.0894360791597761,-1.154004886920468,0.0
0.8650893159479527,1.3854298220487615,0.0
1.196485607233306,1.3359008840798616,0.0
1.5737893337813906,1.6168203158147387,0.0
0.015849293677776287,-0.17759663621747934,0.0
-1.1485256334102474,-0.9986899495063208,0.0
-0.6446235837507707,-0.8002450224939889,0.0
-0.8536306932212008,-1.4789815259237795,0.0
-0.03802522472882986,0.4001332345648118,0.0
-0.009573186994200338,-0.2155630252376195,0.0
0.9150743974291587,0.3854787339416799,0.0
-1.0708084043225645,-1.213230667891215,0.0
-0.9185930111433299,-0.9895520868796579,0.0
0.5383429059809431,1.4105070584785424,0.0
-1.3570013431659929,-0.8625409431336406,0.0
-0.09559803678186245,-0.3681312010913791,0.0
0.6846506889834589,1.3601730239412235,0.0
1.5444855403715623,1.6301428144958945,0.0
-0.02642362974990189,-0.4468897846921279,0.0
-0.10798340979680976,-0.574667251315631,0.0
1.8194505392292006,1.0225562076002646,0.0
0.2782369968830996,0.6124989772099637,0.0
1.585984263616961,1.205004464860595,0.0
0.44575997601900824,0.8297590026000452,0.0
2.3627180992148777,2.7259306187516543,0.0
0.9482947369800063,0.6055971649126016,0.0
-0.5452337054925399,-0.2442660962966919,0.0
1.6819781279313983,1.281227197861854,0.0
-0.17938025318133086,-0.6673306921194522,0.0
-0.7348308722821068,-0.7445473697568621,0.0
-0.03857364037385974,0.32745366059621234,0.0
-0.397382530503547,-0.049715732229798124,0.0
-0.10365679651834764,-0.8523886030313317,0.0
-0.8282477098953543,-0.9951395731089714,0.0
-1.5266738058714566,-1.0895734600999518,0.0
0.2599802741649762,-0.3063415739632785,0.0
0.6808600635960342,0.6416990708708115,0.0
0.338064462626175,0.4297576282834501,0.0
1.4404948357008287,0.5321538027429277,0.0
0.32783990131309676,0.9437200488525391,0.0
-0.13537319320526428,-0.3722559776642687,0.0
0.5578819286047527,0.40204426804973703,0.0
0.07218400424947487,-0.1578745709733791,0.0
1.4775235500365298,1.6989805347946532,0.0
0.9240919244227613,0.3384135052751288,0.0
0.13859575864279808,0.3442499496934752,0.0
0.45303683029496344,0.32407003001973766,0.0
0.3060215950052145,0.835377763304796,0.0
-0.43821886107794983,-0.31685258148832574,0.0
0.6226674992649328,0.6401717776585991,0.0
-0.5104822268001554,0.40473715726829357,0.0
-0.5016299571463931,-0.3697589293152563,0.0
-0.38440921910494097,-0.013096434494811224,0.0
1.7796272646017404,1.30826443736342,0.0
-2.5771814444512167,-2.1769174542132403,0.0
0.11589766111895707,0.22904128250210065,0.0
0.32431047137534996,0.7258068614119482,0.0
-2.282540866341679,-1.8351848657441232,0.0
0.9586584632541982,0.6218781807725121,0.0
1.3056701764963128,1.1223578888117052,0.0
-1.142635899848664,-0.6676214681152645,0.0
-0.20249882351683496,0.0698426816539597,0.0
0.49647623166130334,0.4802522393086605,0.0
-0.4866430983963358,-0.061252452911975896,0.0
0.07840597429225711,0.3577375669684758,0.0
-0.8026979583880781,-0.8725812761436992,0.0
1.3250403788052405,1.131451352183462,0.0
-0.43831915984958947,-0.24691600823818788,0.0
0.8982489692979811,0.6382151144865982,0.0
-1.1606651931023741,-0.08372341113503538,0.0
-0.10906362006532366,0.18507728247352703,0.0
-1.7776485540789162,-1.230829077945589,0.0
-0.662794050732008,-0.5292053662353661,0.0
0.6465207731002963,0.4461245912133858,0.0
-1.2928879920957623,-1.3976165858059808,0.0
0.9508275319784927,0.5448311717177754,0.0
1.57821411515117,0.9376723904098129,0.0
1.3217532484404844,0.7549501525119082,0.0
-0.48321942715039234,-0.3508888931427556,0.0
-1.7145415607536258,-1.9167635630260238,0.0
0.41299647407888956,0.7247548063824395,0.0
-0.5510470895980053,-0.15058392817794403,0.0
1.8793047784599064,1.9229794104395668,0.0
0.5187808165022318,0.8499759271558476,0.0
0.5466814030739683,0.17711176719120916,0.0
-0.07143942631459944,-0.2150691287612721,0.0
-0.3289380707282056,-0.7370584505649861,0.0
0.984331554909248,1.3242925085522337,0.0
-0.5293478192504487,-0.08845953176220825,0.0
-0.7672975414323715,-0.7280123967795399,0.0
-0.5621532021622141,-0.4055781440086265,0.0
-0.7657897860366638,-0.5871840251481549,0.0
-0.4844809233717507,-0.9791800762286132,0.0
0.1193682766484894,-0.65499537099563,0.0
0.6802298587941127,0.22145327439564355,0.0
0.9059775809015006,1.2154813016260444,0.0
0.5104472414104531,0.13254529992692135,0.0
-1.9778848114178067,-2.3376009336370576,0.0
2.0795827993576714,1.4535342150413497,0.0
-1.5358915441560639,-1.297564152990644,0.0
-0.7807902721096525,-0.8222588316877738,0.0
-0.8224868062320754,-1.0540743640649262,0.0
-0.5523470045139874,-0.1617028844855778,0.0
0.11550989467819248,0.38406204297704327,0.0
-0.020781185252292556,0.4478684155810015,0.0
0.8479398242524743,0.6314009442343841,0.0
0.13300499071217375,0.3464340868714428,0.0
-0.7913553415982094,-0.8066056014865911,0.0
0.09626914705504162,0.6737044849041788,0.0
1.6414919812835107,0.9215089277105385,0.0
0.8474252782126964,0.2700498954059917,0.0
0.6699246842037858,0.7629162413057157,0.0
0.19970817354545783,-0.2107300515126065,0.0
-1.4740786226909195,-0.906150049201336,0.0
-0.5500785543030103,-0.4268275164960964,0.0
0.008749212206526786,0.29883159198694703,0.0
-0.10901378933341932,-0.34393785820014217,0.0
-0.05619896824169242,0.266490850674988,0.0
-1.150280720129007,-0.8885354884096557,0.0
-1.3558123864011618,-1.1346953869402117,0.0
-0.545202845741099,-0.45024405063899264,0.0
1.624477517628764,1.0765849484134566,0.0
1.76584565682255,0.9999114330097245,0.0
0.2696243360869423,0.8700846282099788,0.0
-1.0319477799867336,-0.34646362443296214,0.0
0.6765621409761847,0.934279896425461,0.0
0.3299459319189741,-0.5002240557810825,0.0
-0.39713427346327895,-0.0879288011039776,0.0
-0.7483678090849363,-1.012441183445618,0.0
0.9203203836255056,0.5164354020949736,0.0
0.03679864891055382,-0.12060220903565827,0.0
1.171748332623525,0.7438018763800822,0.0
0.25108660007139944,0.9126587494970574,0.0
0.12176421439762915,-0.3173820230591133,0.0
-0.554801764161361,-1.1543826393768253,0.0
-1.1663932945528472,-0.5091637085778411,0.0
-2.1040092060398834,-2.131570669123589,0.0
0.5142563129027014,0.018463128802625333,0.0
-1.2723278515963903,-1.1270250007221363,0.0
0.21478583195433176,0.28005158629307547,0.0
-0.17904308729530108,0.06915812623206592,0.0
-2.11692360221036,-1.8576005027633116,0.0
-1.4323401370493034,-0.6770616071579872,0.0
-0.7673352151377689,-0.785537220712338,0.0
0.6824874538084102,0.8522540787377,0.0
-0.1791758973812499,-0.7234777901243529,0.0
-1.649307274703864,-1.2571420963049524,0.0
-0.22956577833885988,-0.08023243181021134,0.0
0.17680050727849034,-0.17409457455192698,0.0
-1.2247545162080051,-2.2875373032719604,0.0
0.7927572561166476,0.1583384158503585,0.0
-0.195105022728267,0.4701117680151518,0.0
-1.238236014099552,-1.3545927387835839,0.0
-0.01552472436673407,-0.0884611993845186,0.0
0.11648957797596504,0.6879740668289451,0.0
-1.0149751350142795,-1.2035090647851987,0.0
2.054441366837646,1.7410585985520177,0.0
-0.7643125357968596,-0.7400514397028554,0.0
-0.10760437702254862,-0.19198947090259838,0.0
0.24731043921165466,0.46325337369985403,0.0
-0.6123141179041809,-0.655383900617407,0.0
1.6127231640550892,1.3217685506043293,0.0
0.5690448941420948,0.12797141724178432,0.0
-0.39472284228816323,0.25512600890050074,0.0
-0.43853150494127807,-0.693508792201521,0.0
0.37694384011959725,0.21195712268091635,0.0
1.783951379095685,2.2487342473363716,0.0
0.7154887856626834,1.000447551147906,0.0
-1.2619109231060075,-1.1640032130675249,0.0
-0.8681097998735772,-0.5925304619877316,0.0
-1.3982236269868815,-1.952427239379114,0.0
0.8883856128647383,1.5825437402610947,0.0
0.8130150951175495,0.7029368353386012,0.0
-0.599904594244111,-0.9151542218512055,0.0
-0.7531387175925117,-0.5499087216630174,0.0
0.2036683822791563,0.38696285594294305,0.0
0.568764879337669,0.6618225857999004,0.0
0.3759489875241315,0.25393880425789334,0.0
0.49698482282460615,0.6058436446419684,0.0
1.2772678457288222,0.9036867871104282,0.0
0.5350424746674873,1.3259941045909358,0.0
0.10124908823231872,0.7059041662471348,0.0
1.0646989813349697,0.7879053470250921,0.0
0.23999249185479427,0.08477323278767808,0.0
2.7915812393154837,2.40162312293932,0.0
0.33014383288892474,-0.2686022122611453,0.0
-0.11304572450725098,-0.06858609756221153,0.0
1.3901621306437029,1.170242987937498,0.0
-0.00656097907860337,0.524805347471799,0.0
-2.085759766515419,-1.0601932571775776,0.0
0.7567697659025111,0.8511904963161282,0.0
-0.3725432363036282,0.35020297686725865,0.0
-0.4330042483070099,-0.01188174170458422,0.0
-0.33321219406261415,-0.014478606051292036,0.0
0.24589732795699779,0.6473377564651125,0.0
0.5319094738800855,0.9214663300113659,0.0
-0.6483523694871505,-0.2287176331774508,0.0
-0.33975958477748913,-0.050818999393056216,0.0
-0.07346060028485027,0.13134955437726306,0.0
-1.1413291237318623,-1.0163759573921898,0.0
-1.108416862313228,-0.7493787763793223,0.0
-0.21974974906960393,-0.13069487993770487,0.0
-1.7047140367607827,-1.2800975264463643,0.0
0.24790727463773768,0.05675560702731857,0.0
0.7774764196323948,1.2055076266886076,0.0
0.5130915581449906,-0.24711986527787091,0.0
1.3893905352469906,1.1359115550283776,0.0
-1.1868222547883371,-0.5809558882032574,0.0
-0.10566185448707258,-0.5585871276670877,0.0
0.07176955476012428,0.6979889865018127,0.0
-1.0162861133935088,-1.0555246554695483,0.0
-2.2739661591201967,-1.9050403261582745,0.0
1.2567518979797108,1.7203400455991376,0.0
0.33235587434893377,0.009094419923155198,0.0
-0.03975059257887604,-0.1246894074934377,0.0
-0.33739967512731445,0.13396668258780256,0.0
0.11423292623718286,1.0822455968302318,0.0
2.1076934609479596,1.5957084151294194,0.0
-0.3471137708574781,-0.430446344169471,0.0
0.6866443476263712,0.8783029503168442,0.0
0.5710270325122264,0.458380821393687,0.0
-0.7146771153854254,-0.10538918951568842,0.0
1.507735097242286,1.5473857559798305,0.0
-0.6800147755074327,-0.5556741847954806,0.0
-0.036539951905880726,-0.20384840024622855,0.0
-0.2243645807154995,-0.24541356183393645,0.0
0.6043698612541422,0.20469402794285677,0.0
0.3565997260040705,0.1718088392509504,0.0
2.1555627587513415,2.6852068815656147,0.0
-1.590628319467512,-1.5264300427920916,0.0
0.4542409261866469,1.2071995042553392,0.0
-1.4419433367082608,-1.8402815580401328,0.0
1.91583948515702,1.7632764287861158,0.0
-0.5287049365121039,0.024837863655493387,0.0
-0.9001299774741851,-0.18171679028705068,0.0
0.4279560001672314,0.19651151278573475,0.0
0.5226918162457989,0.6555458854665307,0.0
-1.3608314916848918,-0.6602378691161538,0.0
-0.5234499190790881,-0.97628385580954,0.0
1.8568315960520738,2.522457501633468,0.0
-0.5930104817409768,-0.514883897308,0.0
-1.4246246610039206,-1.302636844447345,0.0
-0.9063984975748801,-0.8522788208753628,0.0
-0.2064359959660256,0.34791344264895074,0.0
0.556619288909544,-0.3172099254651684,0.0
0.9453358079499938,-0.036458575036316554,0.0
0.3306561956511873,0.21801728081486987,0.0
-0.9945729478732694,-0.8680046725652846,0.0
-2.2122184988884723,-2.0824885478071335,0.0
0.13141499466177034,0.1351637194885731,0.0
0.4719409048738801,0.4803315130554908,0.0
-1.592328451085743,-2.190428814289186,0.0
-1.0127082363141942,-1.04671142406283,0.0
0.04240233064912344,-0.11825125417987203,0.0
1.2569988602663995,0.6861727739744553,0.0
-0.08734802858137083,-0.5792429377548786,0.0
0.7935212178535835,0.18197342858979298,0.0
-0.23058378382635003,-0.04415744186577931,0.0
-0.7663597235798462,-0.08192225386476817,0.0
0.3855353570937258,0.9195278098859563,0.0
1.8366530143173359,2.205478945594366,0.0
-0.16485620703820641,-0.6912491509799241,0.0
0.1806158679685194,0.0399516426741754,0.0
0.5875284846364371,0.5869152134414559,0.0
0.38550118272729905,-0.0016264471608704433,0.0
-0.2619627544634277,-0.48830452653238304,0.0
1.3959531622375478,1.718263098922132,0.0
-1.2753033300371042,-1.1787716619841953,0.0
-1.260121004794973,-2.596095544800367,0.0
-0.7262940119255313,-1.1755423840733223,0.0
1.9896689864012225,0.8419908024997051,0.0
1.072207995952084,0.456704773624001,0.0
1.0083673103731852,1.884074327487802,0.0
0.38294692682675285,0.5592410354910495,0.0
1.1295245206603999,1.1982862023041152,0.0
-0.39372581193516065,0.023616769475291,0.0
0.5487902972073132,-0.09096466937320152,0.0
-0.08384958412003554,-0.28443125628042903,0.0
1.5768220661758037,1.1464019398556322,0.0
-1.2508709593241358,-0.8305836587342688,0.0
-0.6208776433481331,-0.41037232307108484,0.0
-0.3364435686038689,-0.3509767582162459,0.0
0.13659577056981237,-0.7716299501582348,0.0
-1.4651396564497874,-2.0377113886103997,0.0
0.09694652276209802,0.604149059880231,0.0
1.0060987180218814,0.6535129436691522,0.0
-0.4659900479959479,-1.1282958717478424,0.0
0.17117362246507223,0.5740703366471828,0.0
-0.08311575321559289,0.5526287817702416,0.0
-0.03560017769390053,-0.22657596895697976,0.0
0.6943899069164603,0.5410193377533735,0.0
2.892232760598879,2.558547358630519,0.0
0.1170844752208014,0.08794163284812659,0.0
-0.7678512770208841,-1.1763414604714477,0.0
2.054055287952196,1.856590359972914,0.0
1.5693043919018355,1.2452429501532496,0.0
-0.38731862852606985,-0.7798351685391373,0.0
-1.4845641170159491,-0.5936011318989379,0.0
-0.9125900710557044,-1.2250762272592883,0.0
0.7869802935483478,0.779829080069452,0.0
-0.44158540861603224,-0.8723765550648538,0.0
1.092859157530147,1.5127112641427396,0.0
-0.634705078522454,0.1914216427016613,0.0
1.4333322477746164,0.452330712371916,0.0
-0.08266230728688113,0.5854152919846887,0.0
0.12468106826073212,0.6675833529615722,0.0
-0.48640567843194044,-0.28139162666415724,0.0
1.1740980306493096,1.1644367811143401,0.0
-0.6122079140105317,-0.7070407297222041,0.0
0.1203467981788514,0.39842292867405804,0.0
1.080999681947985,1.0612683595696861,0.0
-0.8511094462403443,-0.39402152692855497,0.0
-1.4419251163448543,-1.6680344353994883,0.0
0.3829910200172781,0.08454475059382822,0.0
1.5198299150259338,1.2936941739790528,0.0
-1.4226533313720637,-1.573615604818018,0.0
-0.943960772269892,-0.6743831062238285,0.0
-0.041540686042693405,-0.16062021976361618,0.0
1.1062204830454545,1.5952386403679173,0.0
-1.0784085889179245,-1.4842970499024326,0.0
-0.5248657261160884,-0.39236472883715817,0.0
0.9164238208568029,1.3167091338026766,0.0
-1.8151050520939471,-1.7807083592311261,0.0
0.9269797958949672,1.2332741652595085,0.0
1.0795151405866108,0.420929294377512,0.0
1.4740312290569908,1.439042318773391,0.0
-0.06958098912955778,-0.7636389014904351,0.0
1.0499645862952254,-0.03822991401471129,0.0
2.195607739102761,2.4123958956495364,0.0
-0.09864946607609662,0.08645871122182733,0.0
2.8768438772236125,2.81412759398163,0.0
-0.2562267877028688,-0.17400021281182235,0.0
-1.0970137136518947,-1.099152025805346,0.0
0.7687389374704652,1.170142701980555,0.0
0.973099606028465,0.6061977535973277,0.0
-0.46472766905729224,-1.1082930658351684,0.0
-0.2982693468370678,0.15361065053018433,0.0
1.4801432627337436,0.7231337060788401,0.0
0.3387554843213143,0.6172882874007241,0.0
-0.23084892528576642,-0.41958841284056136,0.0
-1.6707501729309577,-1.1346434907578873,0.0
0.2744106618617159,0.4748576110385293,0.0
-1.181540922075216,-0.7699577614647026,0.0
-0.2074054535869724,-0.1669574833279743,0.0
1.1065004266346066,0.8135192917298819,0.0
1.291189322924318,0.7030791512135917,0.0
0.20547065216726604,0.6934856351617856,0.0
-0.44895842808123954,-0.25496753817687684,0.0
-1.0018616417301887,-0.7059089107364004,0.0
1.883595992249953,1.5417366393507272,0.0
-1.1598846980352164,-1.1667817766466104,0.0
-0.013138069333218243,0.5090003957920709,0.0
0.4313565037051366,0.4343814666579385,0.0
-0.057665243317042605,0.07258928935873046,0.0
0.4055855137170434,0.6285534390905759,0.0
-0.2000013554342185,-0.49448447686150604,0.0
0.6007525396015588,-0.13331238571151022,0.0
0.7404436077392608,0.24809111073109638,0.0
0.704600901308758,0.7057295064004069,0.0
-0.9755623786353596,-1.0519623463810055,0.0
0.893816279580043,0.4305789103849954,0.0
-0.6239041585567308,0.12338566130454176,0.0
-2.2517687757439324,-2.2932866827099576,0.0
0.8232497370690357,0.6445120231429495,0.0
0.4968037097166604,0.21523564901343117,0.0
-1.225831877372376,-1.0749108234798281,0.0
0.07455119877215759,0.03722188711582127,0.0
0.3745400558996275,0.8775880129482048,0.0
-0.33572180619651487,-0.0800810342472269,0.0
0.03891265006319607,-0.0401421925607501,0.0
-0.7510661835240258,0.0018314354372607246,0.0
2.423691745070108,2.677600134151142,0.0
0.026900455629695137,-0.6583796456064056,0.0
0.5279509413104668,0.37072369548443823,0.0
0.6323101064750464,0.6709673344247563,0.0
1.579706303685196,1.306864755388369,0.0
0.4291744757265003,0.23098138514262673,0.0
0.4616938399245266,0.44583726171031035,0.0
-0.5539865883291251,-0.5574947652433736,0.0
0.3465494748323967,0.5875914458716724,0.0
-0.4098393711996665,-0.0606991365983781,0.0
-2.3952985456027625,-2.4164721904790167,0.0
-0.5928654835841721,-0.6182162061740533,0.0
0.5142862798774559,0.5179229608903696,0.0
-0.7226585200338581,-0.2568706135470221,0.0
0.7317784990955531,0.6101484441316879,0.0
0.8145469587841466,0.421570349774835,0.0
1.734060147386901,1.838344983280772,0.0
0.46298738896336883,0.4304946727030738,0.0
1.4705583961791686,1.5534583680332976,0.0
0.5348185638849289,0.4699343630981922,0.0
-0.22313276389755202,-0.40216746719602514,0.0
0.12477608311726655,-0.12265732530800685,0.0
-0.18016275439904667,0.8859962497489846,0.0
-0.06642008086841443,0.46802988003559404,0.0
-2.5900970620355146,-2.399208329206972,0.0
0.8550252757900743,0.43477498946894977,0.0
-0.918363388116335,-0.36430910055210963,0.0
0.7969894037552202,1.38266597770524,0.0
-0.5666549125030108,0.041163778833170836,0.0
-0.5345090695212307,-0.358083640598433,0.0
0.33612730297506566,0.9487553469649463,0.0
-0.3248155988066097,-0.027462571962388806,0.0
-0.1043084909777938,0.7863954720872056,0.0
0.12642741850568948,-0.05795402936358096,0.0
0.11898857872784491,0.3174839026494595,0.0
0.0653316609722546,0.1062585597980119,0.0
-0.08949515518721547,-0.3000233681594639,0.0
-0.4468697334858529,0.21220991819782448,0.0
-0.9439061126415815,-0.33761295543416536,0.0
-0.9569118370129548,-1.2196632090181285,0.0
1.0696089405680038,1.396372232554774,0.0
0.8338298779043724,0.6889868303213936,0.0
-2.805346155319487,-2.559253884435552,0.0
-0.6310310875937631,-0.7088378332726218,0.0
0.1662979631186967,0.37562390458735995,0.0
-0.8052847750707103,-0.612154678694646,0.0
-0.3928581425903732,-0.19343317504384183,0.0
0.9570114946784377,1.2684765961200564,0.0
0.11988300315628614,-0.04609473397676123,0.0
1.9255168790012396,1.3627500270344357,0.0
2.8302204942802662,3.0024561124083675,0.0
-1.407415732875813,-0.6773321932790785,0.0
0.9185729350798986,0.8545899542283191,0.0
0.7558053405736495,0.8518767184603568,0.0
-1.830182813198269,-1.8014182153387086,0.0
-1.294952200847739,-1.1616774821394247,0.0
-0.6142593129080628,-0.28341964749191717,0.0
-0.4828414457247396,-0.10479296789735851,0.0
-1.121149127631565,-1.1166800478335377,0.0
-0.0004910511622229949,0.17812600648690813,0.0
-1.2235450578771985,-0.9444079876476255,0.0
0.2927238354414516,-0.06058851994963885,0.0
-0.6969702615011348,-0.639156424175666,0.0
0.7911341179043806,1.0553005478858937,0.0
1.240879429226107,1.4249245362023348,0.0
0.5718988981829577,-0.343417187582407,0.0
-0.24872058648194525,0.34017194547805124,0.0
-0.5855553955396282,-0.47815380394287427,0.0
1.7194385430287602,1.566769226162233,0.0
0.4294631424404764,0.29339230881894746,0.0
0.5933796082381807,0.60086985660956,0.0
0.4378262120341723,0.09218957836048854,0.0
0.4658962914152723,0.18487288985897662,0.0
-0.20003436786399215,0.4406571493598542,0.0
-0.7117677075664289,-1.747137277836695,0.0
0.9875270858226715,1.1265825538111507,0.0
0.7064241715011952,1.2731691861901109,0.0
1.4583711793333307,1.6290291040970912,0.0
0.40127784048182713,0.25380343470741473,0.0
-1.7277402423464796,-2.035416663238942,0.0
3.1804524284577225,2.7757215966867275,1.0
4.10365325541111,3.050284964927981,1.0
6.447853007864406,3.190303304589315,1.0
5.838039205927133,2.887777280371146,1.0
-0.002214505169711334,2.716949863255567,1.0
3.3072168006239284,2.9025288244746976,1.0
5.991336984857249,3.007284750259246,1.0
5.803232021261631,3.237316306879448,1.0
-2.756695375906629,3.0685761276425954,1.0
5.097557221941489,2.8161093858156923,1.0
3.0823795026307583,2.4984229590033658,1.0
3.9852517338146445,2.8752988043866594,1.0
6.6046815229924905,3.143998897210098,1.0
8.206030891389705,3.331123190899447,1.0
3.805781189720682,2.968828222022363,1.0
6.872523339956535,2.7878620169997856,1.0
-0.6503716134630464,3.3087508262323606,1.0
4.302586347255889,3.888978279037462,1.0
2.9077031077175737,3.2658401745474728,1.0
2.6926745132314336,2.92561657567534,1.0
2.8433090102712635,3.25255006303305,1.0
6.064768141245832,2.8585029711503114,1.0
2.9294265625555846,3.2223554125103506,1.0
2.045954664004385,3.0273457858702097,1.0
6.003545549625308,2.8698011375984906,1.0
2.7962140523650696,3.160432265967709,1.0
0.2866007679369673,2.5200482352730216,1.0
5.218267547974273,3.260652704590849,1.0
4.684769981428947,3.059796961161436,1.0
3.98441482252158,2.7115370143831554,1.0
6.1157195002821245,3.1256511951422796,1.0
-4.1798375298943595,2.2745430414726497,1.0
4.317181894340405,2.841645755295253,1.0
7.987053041736712,3.6757484067528177,1.0
-1.602791281104623,3.1280132605443716,1.0
1.2778812658025545,2.6886094628856694,1.0
5.502109514992538,3.3051391398595897,1.0
-1.0221240507988485,3.058988304250915,1.0
4.959542595517129,3.2684515191973134,1.0
-4.352803922861423,2.682959135762431,1.0
-0.5366721582141287,2.999456914387092,1.0
2.1733423262882074,2.7477462370882404,1.0
5.352093146828308,3.2643644841588033,1.0
3.7662659252292134,3.3942654216345796,1.0
4.022589191085197,3.0276073302667936,1.0
1.3407292794034082,3.096818156129664,1.0
5.8236173661231945,3.3587779238299484,1.0
4.791254396447506,3.199360817023981,1.0
4.2631217103407195,3.203659094157835,1.0
-0.505963651101268,2.7974632831413704,1.0
5.488658199086913,2.8907941551174825,1.0
4.552959000542759,3.6344586447989355,1.0
3.56756808845777,2.8629210633364996,1.0
4.515325113219205,3.591933581726634,1.0
4.032821617136408,3.1902823937973945,1.0
5.1962190821576515,2.854984248271088,1.0
5.402621118224654,3.0767832688861367,1.0
-1.1815777890818255,2.7747225626725625,1.0
5.065853131918365,3.1532185076111476,1.0
2.2825125972581692,3.028317655845702,1.0
0.8275514280201439,2.9771462809025326,1.0
2.817641842000751,2.615276646105472,1.0
2.6182539898882267,3.017964490402254,1.0
0.21713509379089002,2.7065083865417114,1.0
0.30206353604084235,2.9365461291740425,1.0
1.8626398515821052,3.116490695063356,1.0
3.2367382678655847,2.9472630957048205,1.0
1.6466505979571004,2.8524624495230846,1.0
3.7987874750422175,2.8623715228639863,1.0
7.920424443717355,2.962879718803565,1.0
-0.8635823219357834,2.452350019309222,1.0
6.2147374410770455,3.521793439885195,1.0
4.312104271203202,2.8136074064207235,1.0
7.310616488768983,3.3429824924656386,1.0
1.9842368196290305,2.938406990417179,1.0
-1.5796097042530013,3.260767028404033,1.0
-0.6779134745423696,2.4945726125025383,1.0
1.3566589565628053,2.792860857289072,1.0
5.0851189835177895,2.690685699954898,1.0
5.665207453428371,3.069201296113648,1.0
4.227881741539797,3.141833595197736,1.0
4.787207809699966,3.2703974504802438,1.0
2.938556848658829,3.144963894721079,1.0
0.8200226806901436,2.861514037129565,1.0
-1.8247140581676886,2.8759365501039835,1.0
5.413184944584472,3.15724767152007,1.0
6.912340740174226,3.424168562174744,1.0
1.9935267484056995,2.886692884243994,1.0
3.71591774144624,3.131732253468439,1.0
4.258173938243305,3.112057078209282,1.0
10.879535770630392,4.116341536540375,1.0
6.028600793088264,3.2674533381327113,1.0
5.158136857839848,3.2978411753749177,1.0
3.444172087823848,2.8073833670328168,1.0
0.8556771421714835,3.1050331303707663,1.0
-2.279399798758683,2.389284463011305,1.0
-4.215910746253073,2.066539234657283,1.0
5.786247396739723,3.2933747005970027,1.0
3.831210559722731,2.943600494846022,1.0
1.6249639768629758,3.437849347825143,1.0
-0.02021417969326489,2.6564477013846903,1.0
2.2179168911209484,2.4994394556168715,1.0
4.234291039442832,3.266798062301721,1.0
-0.942248026521193,2.850450120665569,1.0
4.467036613740241,3.0304672395622436,1.0
2.8458065760487257,3.013710768394673,1.0
-0.08679006863798833,3.1297962757583475,1.0
2.148419651957003,3.03068882948827,1.0
2.992777237712142,3.135079893873499,1.0
1.2828980486395922,3.1591808733752758,1.0
-4.523482425855339,1.9260662417338796,1.0
3.023901946287311,2.693444432450494,1.0
2.2183410214857266,2.5803618914911186,1.0
0.8612035979689132,3.0331772804330144,1.0
-2.845429277275458,2.546782595953072,1.0
2.781036490587077,2.8558023048658883,1.0
-0.6471472161950875,3.061632917273814,1.0
4.2945951753805485,2.5299293844271773,1.0
2.6055926634409485,3.112894444511306,1.0
7.434316733707761,3.5622135723646937,1.0
4.232149360338774,3.2812740410636017,1.0
2.1735459805394197,2.865612304544033,1.0
3.8190132703534077,3.2369323873550946,1.0
7.699927227990464,2.9793934187830278,1.0
3.7055325046140575,2.5471007301684137,1.0
4.819280279180138,3.3024811221904997,1.0
0.49090048260235264,2.3625425730264027,1.0
-2.6041329963743687,3.170701672019953,1.0
7.660084143349017,3.0517680167437145,1.0
-0.7466889625252864,2.3631467379496796,1.0
5.452622897784407,2.8989859132170945,1.0
5.8307377204250574,2.806769077775453,1.0
1.538440904715902,2.8534673708499714,1.0
2.3957465279867107,2.7581750554766082,1.0
2.941485913083585,3.0388197191359057,1.0
2.935372551205391,2.860916688997004,1.0
9.47176025609469,3.1685460920592625,1.0
-0.9178793428147434,2.931289121634992,1.0
4.848979674318956,2.9674685326711696,1.0
-0.05794196413646313,2.8259652957613817,1.0
-1.1063298969388864,2.9332270039193786,1.0
-0.2994251268459873,2.7320611194511177,1.0
10.876703710606295,3.4698060327397706,1.0
7.371956917442091,3.567727133668449,1.0
0.8746536865488395,2.6779930482837297,1.0
0.9137985082934938,2.9125842471118353,1.0
6.248568271726461,3.378748193076443,1.0
-1.1276836978917428,2.9641592250122963,1.0
-5.45828537330838,2.395070742363743,1.0
4.0651003408172635,3.7741418208143966,1.0
4.373715434855428,2.788917607076253,1.0
9.032687708619779,3.2569636476228556,1.0
-1.8252164572214706,2.4824213573457334,1.0
4.472839052702683,2.801026931360449,1.0
3.443212453417765,3.2885888125066614,1.0
1.8857211143289838,3.7714164839919957,1.0
1.0589088765716277,3.06351917978899,1.0
5.566723260200995,2.8301091407136987,1.0
0.818111736868604,3.252257724305813,1.0
-0.0923010868784333,2.7373298724987327,1.0
4.2230687495493076,3.192108864783262,1.0
0.5868651888490852,2.955460496630323,1.0
4.472743523088652,2.9543289861820887,1.0
-0.8578237227041301,3.080822485162478,1.0
-0.8857592306003697,2.6200675670697966,1.0
2.8606759506991586,2.6790822481919876,1.0
1.5807059664806329,2.772077452456385,1.0
1.3871221296385294,2.7289066145552052,1.0
2.0060813338853283,2.610914603687865,1.0
1.8048776202270858,2.249228022119981,1.0
6.491045765429825,3.486346362403738,1.0
-0.33344780406313745,2.723397457315497,1.0
4.173165413699647,2.92967011080603,1.0
4.593764765544668,3.3707136009396046,1.0
3.2081990583709508,3.2211985352578463,1.0
3.0562603535160724,3.3427433717947386,1.0
-0.6499608835958095,2.850627262266676,1.0
-0.8544354685074245,2.9294812000575363,1.0
4.109989132537688,2.7896208168590566,1.0
7.243878891504224,2.8215928742855083,1.0
1.0120186103237223,2.8961479476644865,1.0
-1.2618451146184704,2.689827807128516,1.0
5.357361015823274,3.3851235391219308,1.0
-1.802000002502985,2.5843470047613413,1.0
1.423828354619454,2.8520109995022978,1.0
6.4651166561565,3.2162064496282405,1.0
-2.0189288082462555,2.579166170173232,1.0
4.614677198176194,2.9902907318605165,1.0
0.9834145292092877,2.972583760658863,1.0
6.161326719316287,3.4987709711669237,1.0
0.10498538453282036,2.6844568874074524,1.0
0.797967227608197,2.849745798379485,1.0
3.614597452695424,2.663289053514093,1.0
3.9196829924387817,3.17875409353751,1.0
3.416982331653561,2.634929899711005,1.0
7.332362655494142,3.1018848499548017,1.0
6.962854808433575,2.997884093150886,1.0
3.6494637759443007,3.1400818220893716,1.0
-5.212127636837144,2.761449174572844,1.0
3.30583582082101,3.3972900584848156,1.0
2.32544049242469,3.2385031607048345,1.0
3.923892444209258,3.313699792206772,1.0
0.13070984345858339,2.8591418611556407,1.0
7.702436617477038,3.32530959001501,1.0
-1.8323896640821822,2.373347478394571,1.0
2.6259742385769878,2.6913009140129645,1.0
0.7148958232066849,2.756696071336803,1.0
4.14172126087759,2.5329362132922038,1.0
-0.432978089220065,2.7448888473953175,1.0
2.28955748733581,3.060978202092236,1.0
-8.076558155036698,2.4389655503211736,1.0
2.7699459320546724,3.3350505860129482,1.0
9.783534520936682,2.922234155999323,1.0
4.183281882217453,3.074342833149997,1.0
1.2198875841837986,3.086068555304447,1.0
1.0643403782214556,2.769429043882885,1.0
-0.22320887138703727,2.6276042534569664,1.0
7.343205804243153,2.5948446044602167,1.0
10.727146262309347,3.5519133286765037,1.0
2.7675837118686433,2.736027370044505,1.0
-2.5162448005173,2.8891175840841257,1.0
2.9674407674977203,3.0289887387799395,1.0
6.592606303183489,3.193362440609147,1.0
0.33250644292879006,2.7539578848678254,1.0
5.522419302936996,3.0322442701842904,1.0
0.9792104030480062,2.6070842171517294,1.0
-0.948934437868993,2.9217712260108457,1.0
3.8657977507631482,2.963755916531318,1.0
4.551469248665384,3.152858678888606,1.0
2.453141191721768,2.9032608132917908,1.0
2.9595941662060494,2.8621953718581725,1.0
-0.5246869994090386,2.58146534226802,1.0
6.164843700615498,3.0829726185840065,1.0
2.651167847038748,2.7073900335120893,1.0
1.597892349925053,2.744243714892244,1.0
-4.189227956098409,2.7531003043870457,1.0
0.6367950324100713,2.6089772663067583,1.0
3.467852513680493,3.0426214663329896,1.0
7.934281157612082,3.2046409014418713,1.0
4.0187976677897455,2.9728312209960093,1.0
3.2546113394963765,3.159018091442719,1.0
2.0829315136737323,3.0684097476954246,1.0
5.968884069211599,3.0475395262529443,1.0
4.034104105771201,2.632889401421485,1.0
5.727579333845073,2.593281750958402,1.0
6.00952508788334,2.918511720468885,1.0
0.3122529107766776,2.7713247439497795,1.0
4.06099442963232,3.099999930252632,1.0
4.089987224754555,3.046812601143616,1.0
3.707358684437393,2.789084019589366,1.0
-0.07997065449142848,3.306268903578399,1.0
5.38560928297937,3.214831626351931,1.0
5.141692715215848,3.107596837042754,1.0
-0.6240561906340645,3.0057441268626426,1.0
2.5667987803870194,3.0155650928127127,1.0
1.5973008331908387,2.937642202179467,1.0
4.849249284167417,3.019946672305294,1.0
2.4694252300925834,3.1333708257517965,1.0
2.8850686451818306,3.042535241338208,1.0
3.565393364000214,2.9844768767552052,1.0
1.330436139581887,3.21735513864176,1.0
-2.3802966760517608,2.086305422589271,1.0
6.509005501702661,2.707134991926258,1.0
2.46851401935747,3.0260785685590985,1.0
4.522995814802321,2.9521923152823883,1.0
0.6918307799534058,2.9800954726338715,1.0
-0.6262574446127558,3.3425559741777944,1.0
1.0700181276511433,2.9771686500106305,1.0
6.787146166101696,3.1980821289524073,1.0
3.8438119898364236,2.852065067066616,1.0
-2.0743143228782204,2.5818122515975617,1.0
7.086621065463832,3.2998228793723228,1.0
7.099673803999191,2.8555319906965018,1.0
3.4203227148810766,2.902449907092459,1.0
-0.3486251479713447,2.6435503480956846,1.0
2.6236661615708385,3.3124241018957856,1.0
4.580582688726528,3.2179009469985873,1.0
0.6405341854091318,2.801390189928753,1.0
3.150888097921502,2.9724082847225324,1.0
2.97412090208233,2.9564039736980963,1.0
5.272235583791977,3.02470702836338,1.0
1.612693218329994,3.3573830995103573,1.0
3.9935162183120294,2.71691791689253,1.0
5.493327093746448,3.4208436937122917,1.0
5.285245885172428,3.26816360137679,1.0
1.3708248266993235,2.743762736052315,1.0
-1.9303567251832332,2.8481180345422628,1.0
2.623929151596757,3.3570443841368447,1.0
0.8648345645786812,2.866506792183223,1.0
2.9610302810865305,2.4543124188236085,1.0
6.474724285991874,2.799496131701156,1.0
3.5535218456300353,3.0137421016170634,1.0
5.732540733670768,2.992075392205043,1.0
-2.365137708154494,3.088049236362242,1.0
6.412299769078913,3.319509337396129,1.0
6.565640656929137,3.3235150171917276,1.0
-0.9240401570204506,2.6465890433429413,1.0
4.805949818967042,3.0226054486450873,1.0
4.332507645556894,3.2745564328871484,1.0
2.583172250549925,3.157036679611151,1.0
5.858482320743811,3.6212113819525853,1.0
1.5293497479262534,2.975353188581439,1.0
1.6127680869347658,3.1416645659691587,1.0
4.5010489033151195,3.1004173175418472,1.0
3.375948418188641,3.0882821502252105,1.0
2.398445715517642,2.9617833549760144,1.0
5.715010451171068,2.9808772159613506,1.0
0.7882444966213735,2.781016982238122,1.0
-2.1963727876642976,2.8772898243048615,1.0
0.7975939629414812,2.684215127440399,1.0
-1.431946869550499,2.449755029312879,1.0
2.7614608017930977,2.9932231778809535,1.0
0.7826739795598114,2.8396155492110218,1.0
3.613098440987418,3.3221140160641887,1.0
2.9021195181674617,2.845370901539653,1.0
2.9692282717672898,3.2029208002976226,1.0
-0.49378570127672017,3.316952671904567,1.0
5.2021173801424165,3.333090759282827,1.0
4.403256625380187,2.5272471154790224,1.0
4.533822250710029,2.6785353757743366,1.0
6.339924070221542,3.165629028053132,1.0
-3.5520829301741648,2.708487588821069,1.0
0.6110603078796455,3.364788090166054,1.0
-1.379172155487976,2.757564758388738,1.0
-1.6240715738973028,2.731016559521081,1.0
4.114327095936338,3.306927418290655,1.0
7.314011344470171,3.183191064968941,1.0
5.502695505448143,2.9151846609110694,1.0
4.621771431857525,2.9928390826255318,1.0
-1.9683760207414673,2.8178658127596794,1.0
-0.7200493559965415,2.876196980721735,1.0
-1.6007191012968773,2.364279010579896,1.0
7.390991412763925,3.2552193537320395,1.0
2.1455729498769647,3.059308110809234,1.0
2.010112410159258,2.9445230071905186,1.0
5.415164406805086,3.1124252341282577,1.0
4.6068258918126155,3.2658909411018433,1.0
-1.5869235837736682,2.647167248244189,1.0
10.15809677003833,2.9520830781643763,1.0
3.2656462374766733,2.8232025798978198,1.0
1.1942831995766814,2.9129378888580826,1.0
2.700555852864918,3.2011600440243715,1.0
-2.258514086409911,2.6626120313222814,1.0
1.7905559801465907,2.806339444938719,1.0
3.7887344088265973,2.830283353737056,1.0
-2.41849174373992,3.1204599811541867,1.0
3.539108182718449,3.032510685880929,1.0
3.147311795620436,3.1224697619030817,1.0
5.350966031527397,2.915346664969077,1.0
-1.2011941345605601,2.668905506242987,1.0
1.3062640232467166,3.043566152759548,1.0
1.8711346705371654,2.8537364046610247,1.0
0.9379583464808445,3.1048044904724477,1.0
3.6740148263964327,2.656656469290487,1.0
9.179659903497388,3.43291084656358,1.0
3.663118603551274,2.6262663989915236,1.0
6.745232967029807,3.4611893350211407,1.0
6.683825627012369,3.11688172638869,1.0
4.876183210572428,2.689458655106048,1.0
4.493511807825603,3.327321703598542,1.0
0.02647025673487402,3.0676038211515158,1.0
0.3215129090016067,3.437331088046094,1.0
5.533339836271772,3.125534805094527,1.0
3.9116803004712026,3.2429594828518695,1.0
-0.4396700364646522,2.85677651432033,1.0
-1.7358505708045673,2.4400514626833782,1.0
5.678438192177788,3.620958093170023,1.0
6.329925216767075,3.1444190177756086,1.0
0.6725208130454479,3.2914408226630427,1.0
-0.47191123890660647,2.667965808773908,1.0
1.591741215779085,2.9237614892165165,1.0
8.518934462376471,2.7081893302039792,1.0
-1.6221255313562288,2.72578859684297,1.0
-2.057861603423871,2.52846278446156,1.0
3.6318587108383373,3.0902351411148716,1.0
1.7509600434410852,3.0007972132465404,1.0
7.382590602504054,3.5748360661038867,1.0
9.054120673390372,3.5286014634012917,1.0
3.0173420027481628,3.149339310349711,1.0
5.161533496131767,3.2237681967007816,1.0
-3.3490829211695177,2.7784185670743087,1.0
-0.8299149121519096,2.32929732929714,1.0
0.22700807290890745,2.3949057832513136,1.0
3.267418412744621,3.292144623556753,1.0
2.7341756760017217,2.7495055904988233,1.0
2.7594929478575763,3.214139051757954,1.0
8.138984699771205,3.5568088811154417,1.0
5.160912702665752,3.2474589438480113,1.0
3.1761026675506328,3.0305821566290922,1.0
3.766840495417666,2.701783224386012,1.0
2.7805739187355707,2.832462552206026,1.0
0.9332838519718614,2.635409011982457,1.0
-0.002113233296310746,2.5157203356687257,1.0
1.2154603544893017,2.7124158218118635,1.0
1.4307142348111117,2.7617965297213996,1.0
6.559210582034693,3.168254827093593,1.0
-1.0423033463951086,2.8559573644799836,1.0
5.816757950790024,3.410211201984986,1.0
1.9803431154319124,3.570702378412668,1.0
6.926991826603311,3.0915876687968815,1.0
7.705949788603654,3.4025608661032467,1.0
7.737738859115672,3.2006986505952,1.0
5.043580316313017,2.66133311052538,1.0
0.9422074776394034,2.5401196902382193,1.0
-0.5254156852860743,3.333123720146271,1.0
2.678529972920401,2.791962378240619,1.0
4.418511377900458,2.868624276560035,1.0
5.84006751729215,3.151355047485471,1.0
7.164513379388647,3.4667925289972565,1.0
0.22045242555131628,2.6614336944967456,1.0
1.2570983984334043,2.9050404341849694,1.0
0.8529616808576987,3.369404875650161,1.0
5.280003771244958,2.7795694393770862,1.0
3.2230656919794005,3.152700670220147,1.0
5.330613600722833,3.3785318836715965,1.0
-1.0211905301643212,2.8741256392576418,1.0
6.2815547398861025,3.238976665561065,1.0
6.082173053626722,3.603935926087587,1.0
-1.972554808332971,2.558865936241491,1.0
4.279776554592233,3.0142298572750996,1.0
7.0748285397262425,2.943311000358842,1.0
6.621425583288812,3.248489402830345,1.0
-3.2648973931480647,2.687727048043342,1.0
1.0811707851340924,3.2906338646890805,1.0
0.9371114390742199,2.4633445849812396,1.0
2.9855097699737643,3.1144501154314073,1.0
1.671995466056709,3.3676768081981585,1.0
0.827523822100849,3.310749186197873,1.0
4.981113472329834,3.216174581124653,1.0
7.937522972579484,2.8955356934966936,1.0
3.429461691797812,3.031811413374685,1.0
-0.010668473200603046,3.1132203528752767,1.0
2.2405429802955728,3.0688283373064067,1.0
-0.9184576916748579,2.5601276580206993,1.0
4.54340974259267,3.2761825827888447,1.0
7.484319042555911,3.3527950818443584,1.0
1.6968780300995363,3.1205940802997856,1.0
-0.8707880516337831,2.448813636245286,1.0
2.998144917256333,2.8962728501690567,1.0
8.845461364260167,3.019142336361401,1.0
1.260404239926878,2.9589800046340327,1.0
2.423011657106996,2.885950180062313,1.0
5.124725232727796,3.451981825009672,1.0
3.602017455191934,3.6404392238188468,1.0
2.0475934574659385,3.3313405036439754,1.0
-0.2001204554917244,2.7978707452703637,1.0
4.32536587931508,3.0736730291589045,1.0
3.6517455332998447,3.096654068244953,1.0
1.208286544607478,2.6711831870119536,1.0
0.2887793051497547,2.8189660863704273,1.0
2.8706795643843606,2.674114897972864,1.0
4.6918504257612765,2.715731457518979,1.0
4.172449052646661,2.9729453861403625,1.0
3.669175420452604,3.2643146062492274,1.0
3.6724821770549196,2.996146317785034,1.0
-1.6502677421541643,2.8899862668003276,1.0
1.1179192422055784,2.8269430949128735,1.0
6.612929248595198,2.9572684863059346,1.0
3.174471380449983,3.1677167248969353,1.0
0.22185374643765776,2.7465036848689306,1.0
4.277765010952734,3.4182147490747106,1.0
-1.3461168275628292,2.344906929598893,1.0
0.8057514994714188,3.1362004467488087,1.0
3.9131778745728276,3.2863169329897604,1.0
3.0229417554219418,2.6218028780757505,1.0
1.739922776846476,2.883858426941598,1.0
7.484876002747763,3.2237484253942807,1.0
7.0534936029224715,3.167691399450178,1.0
-0.2615115640395391,3.1676985436829384,1.0
5.067077640825116,3.001319852652022,1.0
1.8086341838919004,2.7342858543789674,1.0
5.2480921490018355,3.214528737058078,1.0
1.8145130662085587,2.616896829268214,1.0
0.5376427974846365,2.7648340972170034,1.0
1.7163758685421222,3.115305452753033,1.0
0.7378539159203648,2.4597977718865627,1.0
8.742297642086289,3.179194134105308,1.0
2.673060338744499,2.9029703596674383,1.0
1.5676604930798976,2.9410408706446134,1.0
0.13900007063453979,2.745739888298983,1.0
5.665318512743358,3.1533183811125673,1.0
0.8822681332545841,2.8981513873308606,1.0
4.602414253909356,3.3622813706041565,1.0
1.2771686707530263,3.203110223019158,1.0
-2.1828782515964127,2.7310705521563,1.0
4.261235302663396,3.4555019406807435,1.0
0.2084336942662426,3.2821609610354248,1.0
2.871076918828003,3.1628773803399635,1.0
1.4882475168714528,2.8651961374883976,1.0
9.036607047669486,3.6184178723408498,1.0
4.484179840619139,3.0501728085321167,1.0
5.971477245338324,3.2056395826892548,1.0
4.53348790759982,3.3029661537630046,1.0
3.5395491319126897,2.601328044248246,1.0
-0.07760326208401258,2.717588606538162,1.0
4.761529068225519,2.9658631988445125,1.0
1.1789450297082191,2.9530628979342914,1.0
6.406777974268172,3.129442878285561,1.0
6.5503283550110165,3.739276830749084,1.0
2.1351458135788732,2.8937198127035226,1.0
5.132367834500127,-1.2338022855675987,2.0
5.3455784128357795,-0.841592228067936,2.0
4.698193807883593,-1.6519319669965418,2.0
5.030164521537113,-3.0836985684656586,2.0
4.634451848395765,-2.6634464900032477,2.0
4.649457484872837,-2.4962433404008655,2.0
5.5796293208005645,-1.5491331507950505,2.0
4.896807885446388,-2.591701412055502,2.0
5.116647643465995,-1.1361019145821025,2.0
5.368255912209768,-1.5179290782991446,2.0
4.97326982164258,-2.922930822435856,2.0
4.630891525568127,-1.7320516792684124,2.0
5.072263929888919,-1.0564185264236512,2.0
5.002104473018622,-2.2471898626880615,2.0
4.716869114956269,-1.3691633414013598,2.0
5.339049500465889,-1.7103359186988674,2.0
4.667229756903645,-1.4033078726571697,2.0
4.882730386420073,-4.016526678418087,2.0
4.835083289528056,-3.233130103377479,2.0
4.933106755888883,-0.7414299654995391,2.0
5.322483398826126,-1.0974190385035283,2.0
5.32032090082401,-2.7894944840991087,2.0
5.292359956916779,-1.014577883120778,2.0
4.865716741840588,-2.9309941304928806,2.0
4.600791088528802,-0.9453370030036352,2.0
4.8209521182366055,-0.7526427054763176,2.0
5.299736418223805,-1.666523154967182,2.0
5.204128736158198,-1.491388657497107,2.0
5.2451720546034695,-2.365752553398038,2.0
5.307601404670191,-1.0806522093199349,2.0
5.1814371059604944,-1.2643991318949404,2.0
4.951055771612255,-2.443733570100418,2.0
4.4370149976732804,-1.9065217135932842,2.0
5.2090167088890595,-2.658741262049561,2.0
4.928472910890143,-0.9219255671099458,2.0
4.809995706263076,-2.5730950543275206,2.0
4.668184136485014,-0.8060666372730827,2.0
4.270234192168811,-3.2383985719000004,2.0
5.2068471391924955,-1.6911917980287177,2.0
4.138436837260982,1.0507668902554608,2.0
5.135728751124226,-2.5569310744020033,2.0
5.587854511144922,-2.4205618764307655,2.0
5.4234861790590605,-3.1416040579059823,2.0
5.069535989026563,-3.88064564372483,2.0
4.8114782647561665,-1.34378371898549,2.0
5.355806155608383,-0.8406084292478768,2.0
5.125184162542208,-0.944316883173969,2.0
4.7572611219194325,-1.991892198245604,2.0
4.847683990228264,-2.478502366131598,2.0
4.886536607398817,-1.781842229598327,2.0
4.973001040357036,-0.7515305756132233,2.0
4.966752463770183,-1.7035940315552944,2.0
4.88734105524226,-2.4312851700009346,2.0
4.806815755898641,-2.387118442126945,2.0
4.833189304925485,-0.5545299927540528,2.0
4.868678720463086,-1.0752788074755824,2.0
5.049158554887495,-2.867150460220678,2.0
4.433607201882616,-1.3467166644072865,2.0
5.434639838928191,-0.7412667980531533,2.0
4.588093224241123,-1.294988701854465,2.0
5.180086128654941,-2.302374736471635,2.0
5.138767466280416,-2.748842182273897,2.0
4.4101949892109875,-1.7445384208578698,2.0
4.747503619611085,-0.6126207341944887,2.0
4.941912721478328,-2.950373693673329,2.0
4.654158927793496,-3.856052750398373,2.0
4.665305078714626,-1.4753069824581786,2.0
5.346644221611538,-3.5192936280874934,2.0
4.914518858113568,-2.7583184258100673,2.0
4.84983891536452,-2.399779931922417,2.0
5.238047181982384,-3.0913679221939794,2.0
5.080793762397791,-1.2509521141331486,2.0
5.120341045665806,-1.5724551588174118,2.0
4.433268859989678,-1.7949495328235843,2.0
4.874225753750338,-1.7833666650442166,2.0
4.671943236722719,-2.3559633885973246,2.0
5.510887714507799,-1.4881264547476432,2.0
5.051325155487169,-1.6018344873543628,2.0
4.693771282452289,-2.873577269176644,2.0
4.615445965655135,-2.9254073978637716,2.0
5.2259661115860165,-2.1669172735612103,2.0
5.320485328183326,-0.7645241081496847,2.0
5.02029667249079,-2.709126228697661,2.0
5.106317679423042,-2.1814473210760474,2.0
4.999470764877441,-3.2625175985973094,2.0
4.880955812453753,-4.110614377151521,2.0
5.169767425718225,-3.176318857068298,2.0
4.0601111693926715,-0.7253621140709037,2.0
4.862801726498198,-2.2996435309624355,2.0
5.166568060960402,-2.3581065108873074,2.0
4.735829303263291,-3.4605920857162316,2.0
5.35502878799295,-1.7819381933924179,2.0
4.654225235656476,-2.4510455183388955,2.0
4.830547978776253,-2.3130950930256344,2.0
4.730680376810751,-2.955051451818679,2.0
4.983772124657216,-0.8191452094154759,2.0
4.877881921707829,-2.4339198975682788,2.0
4.9961300264369575,-1.6577206000476907,2.0
5.064673607811793,-4.5200618216612725,2.0
4.880947481249348,-2.7918743766792127,2.0
5.527578567130632,-1.565588413533279,2.0
4.372242941657607,-0.533053843947223,2.0
4.925742228809208,-2.235826679653054,2.0
5.8589293549028865,-1.0065547512673536,2.0
4.566128008531755,-1.2167980280377633,2.0
5.0619945646223785,-2.878531465531007,2.0
5.404549018335737,-3.015277291348778,2.0
5.210841363408126,-2.098363492220389,2.0
4.909860158766524,-1.597764213848547,2.0
5.0409356800006115,-2.521647693765231,2.0
5.1496651865166125,-3.1607494185275433,2.0
4.744798956723992,-2.3514450429020894,2.0
5.22361752706039,-1.13507151317169,2.0
4.234069823975033,-2.672052460308044,2.0
4.547529035510414,-2.010888925715956,2.0
5.301903819843224,-3.751362509388788,2.0
4.495242763504794,-3.6987899719619577,2.0
4.9216320332851495,-3.188035633625024,2.0
5.506552623758023,-1.7253074840317186,2.0
4.846949850143329,-2.3093963078148843,2.0
4.978956411041349,-1.745372927824225,2.0
5.052839529492298,-1.7296320193876538,2.0
5.416416499503009,-2.382046622059177,2.0
4.978742040500283,-4.646262888602246,2.0
4.916151899907997,-2.160827684552407,2.0
4.824308513612863,-0.3824159065464099,2.0
4.856410284253667,-1.2991547391780713,2.0
4.857973143490916,-1.2689743899085966,2.0
5.730571434635944,-2.0976258872609015,2.0
5.100974559861096,-2.8526464971519028,2.0
4.551801108555917,-1.4734764003256968,2.0
4.755497374598281,-1.7199873575590883,2.0
5.571995592270545,-1.7628797534517249,2.0
4.841492548293751,-1.240091737184065,2.0
5.192444150202444,-0.48373127106904934,2.0
4.74118805502055,-2.731353294296907,2.0
5.265321901502413,-1.9051101351555346,2.0
5.065243819166188,-1.8282902302435309,2.0
4.984069795975157,-2.670466771919131,2.0
5.589139494172238,-0.7918728101611696,2.0
5.168905861370008,-1.1898092397373787,2.0
4.940137389068764,-0.4521931259245402,2.0
5.0455216590260505,-1.1929598481773838,2.0
5.172459896979991,-1.4499218731822254,2.0
5.086901004366198,-2.849448556640462,2.0
4.735336876014675,-2.543259913792134,2.0
4.975757786063746,-2.91775942127402,2.0
4.977558263948278,-1.3859526877058528,2.0
4.877858595949089,-2.3378295710385593,2.0
5.137076857264181,-1.6038603938532412,2.0
4.686021946900322,-5.0805830676541355,2.0
4.911412825193568,-3.361214381595611,2.0
5.196439981719508,-3.1750016266266528,2.0
4.057770233930796,-1.6461857133522502,2.0
5.721265095306506,-3.1335999910577055,2.0
4.967468392874027,-3.3249386757218744,2.0
4.973108996052463,-0.4534040940924575,2.0
5.21846828991095,-2.2716349548875074,2.0
4.530040126302541,-1.5108796513139524,2.0
4.694050330474483,-1.9018592789403872,2.0
5.572665007339233,-1.9047275719751173,2.0
4.630415794153453,-2.099626035117643,2.0
4.317045658217603,-2.8401441683992927,2.0
5.494906719059405,-4.393107112163246,2.0
5.2948727784150105,-1.0516035314552865,2.0
5.38873843315077,-4.1389542289977195,2.0
5.381256830033944,-1.0574512958837856,2.0
5.024518992631705,-1.6590149391460005,2.0
5.948748735544797,-2.7879260487959105,2.0
5.102829517376644,-3.7971017673134195,2.0
4.9180315347304955,-1.8758613020152626,2.0
4.916720289414455,-1.6945986043864747,2.0
5.276098199045797,-0.13002040016291416,2.0
5.075164326341842,-2.315744331719846,2.0
4.801882653178035,-5.947034172297792,2.0
4.544778806830091,-0.9082904062677357,2.0
5.40826323459103,-2.789578097908543,2.0
5.147567424036565,-0.6901042688309935,2.0
5.397906800591701,-3.1118964256749244,2.0
5.468817426029061,-3.3207525024177595,2.0
5.239394978223388,-1.8181729999652563,2.0
5.66635581800853,-1.222665025574414,2.0
4.796200546673735,-1.2207394662381867,2.0
4.137943766344202,-3.5387600007979705,2.0
5.185848489493016,-1.8448339338634934,2.0
4.660244451391984,-0.9499589737373884,2.0
5.6637278616463576,-2.371484469309161,2.0
5.115816689968149,-1.5937057925934532,2.0
5.346245464572989,-1.5386450858869911,2.0
5.189452912399705,-1.6261762050535191,2.0
4.638957616087294,-1.8090711974401659,2.0
4.743955473592145,-3.063553779362811,2.0
4.832611014411124,-0.6115078179217639,2.0
5.206895697414925,-3.001665488029212,2.0
4.540087408696075,-0.22020856893503438,2.0
5.578509990391453,-2.931676156692866,2.0
4.955475871264186,-3.1850307037504715,2.0
5.121989456560529,-2.075055581773312,2.0
5.256560075321674,-0.9899520886483819,2.0
4.422048926189051,-1.9413690641227643,2.0
4.390466962693191,-0.555028336681771,2.0
5.104091671653477,-1.890495024406011,2.0
4.960956567629404,-2.2611544226145512,2.0
4.520673169826436,-3.492347423281271,2.0
5.101848722775455,-2.5227462752761998,2.0
5.514110155135974,-0.480791784725106,2.0
4.689149367715317,-0.37600232311582693,2.0
4.895400306179219,-2.9301239592393182,2.0
4.884118423463416,-3.304131389146796,2.0
5.5140084311224316,-2.0250537676201206,2.0
5.180680458601464,-1.0357851438339982,2.0
5.062704500151028,-2.377959614442589,2.0
5.299926321569829,-2.5449446641802176,2.0
4.969480087245723,-2.5959322142348,2.0
5.080649221602346,-2.0128334809494173,2.0
5.290812496120909,-3.9493313903622287,2.0
5.065169414338079,-2.309843013326261,2.0
5.181193220531813,-3.209423555113086,2.0
5.112682664967402,-1.340760453534714,2.0
5.053432096597252,-2.376870346382936,2.0
4.336022819659637,-2.3475792962292914,2.0
5.077184715695797,-2.1347487992584924,2.0
4.914038129940522,-2.9234331858858984,2.0
5.835410780771489,-2.3032301451140658,2.0
4.537632165720402,-0.42626338739205205,2.0
4.828526828660543,-2.6029772125013126,2.0
5.275514053084238,-2.452617065238819,2.0
5.059114663876482,-1.7289305468654368,2.0
5.055908520083428,-2.93130859887893,2.0
5.188875572897677,-1.1954665360285914,2.0
4.91863857616188,-2.752131911202627,2.0
5.137958547406887,-3.0287968705416413,2.0
5.859498729192887,0.2794369060998658,2.0
5.136835197917136,-1.5568817589781125,2.0
4.9405141841338365,-1.5706163223447496,2.0
5.276144256397961,0.02093960236635839,2.0
5.102258901910453,-4.390789876281082,2.0
4.440813984784739,-1.6565352497461623,2.0
4.669085688920005,-0.5838282886444031,2.0
4.874980939411855,-1.0617526439067007,2.0
4.969321450013894,-1.1007900083414444,2.0
4.8113673587877575,-2.2980967232720046,2.0
4.84546272968867,-1.8460723483000898,2.0
5.134616326168015,-3.253731384978146,2.0
4.578556364295428,-3.0817469688561188,2.0
4.843200873630375,-2.297086744231137,2.0
4.719508750456079,-0.8390155096832421,2.0
4.8882960070799815,-3.6654607825107286,2.0
4.881591358471899,-2.0791845701159297,2.0
4.4034706086612925,-3.930082519684013,2.0
5.329242140316488,-3.0835965026194927,2.0
4.96504924984479,-1.755269653036309,2.0
5.190084856148724,-2.684826843702311,2.0
4.4859389013043565,-1.6030597288531316,2.0
4.629557534890866,-2.7214071916459353,2.0
4.698957196335255,-1.9687677507414576,2.0
4.840194992161443,-2.8475114564542903,2.0
4.638693955564682,-3.16339630044917,2.0
4.773650045978049,-0.37169357034081396,2.0
4.954270280660423,-2.3697664901932836,2.0
5.781279083745069,-1.8514713844811812,2.0
4.682961201042712,-2.9288827937432087,2.0
5.365896909188908,-0.8540133817133853,2.0
5.045872489414942,-1.1081585474420288,2.0
5.4606869905055975,-1.6322348068517951,2.0
5.0773478220633095,-2.0743851713335446,2.0
5.060177445455875,-1.8812772997225975,2.0
4.810201926319433,-2.2703126412973744,2.0
5.2330231851942735,-1.4932010869501458,2.0
5.0168576216191525,-1.7186182920559885,2.0
5.346753757901849,-1.4981418332119705,2.0
5.2504615451386885,-1.493377223353149,2.0
4.8142742102112575,-1.5172105424053977,2.0
5.020271225754626,-1.251851755694493,2.0
4.997632068651805,-1.5185289642846902,2.0
4.965300627947991,-2.705153039067431,2.0
5.067497087847502,-1.2728493325700605,2.0
5.675517381170204,-2.286037169348399,2.0
5.138505471343895,-2.902786358982765,2.0
5.040721346468419,-3.9787457425672286,2.0
4.535078648751224,-1.636299078063938,2.0
5.391263491476664,-1.437205512951882,2.0
5.078369566679153,-2.6145092034919624,2.0
5.380149192844391,-3.07627735343027,2.0
4.844572744032545,-0.8114578639918084,2.0
5.174225489447602,-1.8615645653033959,2.0
4.949252634820179,-1.8381808881169501,2.0
4.600634126355761,-1.5564802500736539,2.0
5.305081248742755,-3.5883838109660804,2.0
5.152643733277296,-1.9029739312415863,2.0
5.296844888072575,-3.0289520709691864,2.0
5.695635916410052,-2.18241034064633,2.0
5.5025170734547455,-3.8833753808459237,2.0
4.8257102697455725,-0.8349505181319676,2.0
4.893196286503572,-0.8386778653630469,2.0
5.213151783923716,-2.292720320607401,2.0
4.8830017744575365,-3.0573920616958707,2.0
4.895054709007569,-0.9175392546670496,2.0
5.208921406716094,-1.838317333731819,2.0
5.197325469883133,-2.0966510216782637,2.0
5.479295762615169,-3.2718636920783704,2.0
5.026388973133009,-3.17730903859715,2.0
5.337921249353413,-1.1329820561572912,2.0
4.84759742298646,-2.702582224412091,2.0
5.107241833874028,-1.6074022775206027,2.0
5.06383548156488,-4.619730429230593,2.0
5.4357705728526104,-0.9536551452385615,2.0
5.029102660253157,-0.16603154476315085,2.0
4.525141926188146,-1.7617075910739999,2.0
4.987474953536662,-1.6440320866118743,2.0
4.436179151106134,-2.2731476173589105,2.0
4.743144071304333,-2.5532402141688375,2.0
5.087337526661981,-1.0852383417379263,2.0
5.257448672297301,-2.833262859008448,2.0
4.791099575590204,-2.8112991275065595,2.0
5.726069995615327,-3.313972380143805,2.0
4.924053438305048,-3.499681887727299,2.0
4.755777319637519,-1.580666172400501,2.0
5.164100893491546,-2.5046617472320563,2.0
4.879574427533669,-1.4606382147830659,2.0
4.520169022098848,-2.6258473083884084,2.0
5.068871609068419,-1.6998714698066433,2.0
4.387617320088169,-2.0077038603296637,2.0
4.971585664044502,-1.6442986525239316,2.0
5.150641643648143,-1.3604877644048106,2.0
5.315276685092791,-2.6964729367312747,2.0
5.069625245943232,-1.043638731586174,2.0
4.994621456724145,-2.0472448518838564,2.0
4.139057444593861,-2.359274077656793,2.0
5.003504775328606,-0.20224118745295994,2.0
5.019923490555893,-1.6558635173291427,2.0
4.37267162065513,-1.6014532657259413,2.0
4.737970151194705,-2.8931984480493487,2.0
5.074428047794452,-1.0982420642246975,2.0
5.33096784614594,-2.3147074921574657,2.0
4.910987091845637,-0.7178776588438134,2.0
4.7521430913450855,-1.059501279119476,2.0
4.632325605590724,-2.919919741823868,2.0
4.728911618217609,-3.2388920716844165,2.0
4.946358066851683,-1.689148757635624,2.0
5.153151084251601,-1.6917251879631947,2.0
4.997465013988257,-1.0616025924782453,2.0
5.374907877592849,-1.3091955848949395,2.0
5.168581830796389,-2.068420808479559,2.0
4.756631867984689,-2.2833990873268983,2.0
5.387395400444565,-1.0948047636904943,2.0
4.44653544586841,-0.7621586945586782,2.0
4.742095312502997,-3.050976052780909,2.0
4.505152155615125,-1.1261565061000072,2.0
4.567026700769317,-3.339637658697223,2.0
5.698222560210478,-3.9827387175568774,2.0
4.810800731669284,-0.6462296129878433,2.0
4.51830716302892,-2.2181271252586314,2.0
5.44072571669311,-3.084536898554129,2.0
5.565692443813216,-1.4308158011615761,2.0
5.122641889725913,-1.3783977985271743,2.0
5.00296946544535,-2.4104718240193,2.0
4.86948733329589,-4.276644778631834,2.0
5.3865851486872565,-1.6965191101117265,2.0
5.643524930474103,-2.1697324927901804,2.0
4.2942231894035805,-2.390767860245749,2.0
5.27448637651659,-1.935249175753012,2.0
4.717856120371112,-2.9469182657795656,2.0
5.267650183429685,-3.2743925755666705,2.0
4.531444280024427,-2.246793626682895,2.0
5.546782579750105,-2.1503745030459793,2.0
5.3143112736735825,-2.7473268783607185,2.0
4.910841854974523,-3.418689474014344,2.0
4.543031970178195,-1.3405033654418879,2.0
4.714173498452767,-0.9078456418594756,2.0
5.180721431667431,-3.199784487727659,2.0
5.096859272593794,-1.78049675397794,2.0
5.723137121669666,-2.57926422597009,2.0
5.508028640106247,-2.1272523390036118,2.0
5.099671882102698,-1.8801575802161334,2.0
5.107943957306085,-3.1945844554882443,2.0
5.185824356913359,-0.7572335701952893,2.0
5.1503278373120205,-1.8954087829554669,2.0
4.7523789351428745,-2.577894456928592,2.0
5.33906815279641,-0.4884964881452829,2.0
5.134089515289092,-1.9048171058710963,2.0
4.9078230743207945,-1.7363734169005212,2.0
5.129487154338653,-1.249159669123863,2.0
4.939420442087521,-1.7495264563043071,2.0
4.663040392215387,-2.1875525066679824,2.0
4.92911020647024,-2.133363052385093,2.0
5.1462408821568575,-2.325734686867319,2.0
4.446358066740979,-1.59517836286828,2.0
5.055818310490346,-2.8593011454236783,2.0
5.973496559794884,-2.980943835075242,2.0
4.882912005558959,-2.7902836475756754,2.0
5.323165596570416,-2.0097919862179747,2.0
4.8142506581522335,-1.793663146500925,2.0
4.845940480312681,-0.905108178543163,2.0
4.424336708536378,-1.882551676598934,2.0
4.940464137407137,-2.2866158122896736,2.0
4.40525076534684,-2.7468133953499594,2.0
5.028024497129832,-2.611718989775757,2.0
5.107163133881535,-2.4769159238935154,2.0
4.450572174059914,-1.4769196063518075,2.0
5.102832019634257,-0.7731393656868379,2.0
4.730324604734994,-1.2304175630873257,2.0
4.395106802448106,-0.919582449999468,2.0
5.366423594444289,-3.042465407459276,2.0
4.915272615876893,-3.223561157171007,2.0
5.135432238776122,-2.4331045400350892,2.0
4.579475995622574,-3.003750540179196,2.0
4.819690133221221,-1.702651483326229,2.0
4.832996677057517,-1.602613306768084,2.0
4.819061695151136,-3.722822745854659,2.0
4.991095913243165,-3.0572651339343806,2.0
4.573927761354689,-1.6525312506909746,2.0
5.0015848640184775,-2.992203625321885,2.0
4.886458511384127,-2.0153705127137247,2.0
5.641502214583624,-3.1700682351758775,2.0
5.4077297474173776,-3.117363937092196,2.0
5.633287592173844,-1.8634018663870664,2.0
5.033832928558617,-1.0189362986215018,2.0
5.229788849087665,-0.7917773641130315,2.0
5.032577930238986,-0.9500983362175341,2.0
4.982961254440445,-3.0427400403384595,2.0
5.318373904964916,-3.1402730563486783,2.0
4.4862082191660395,-1.682616564182485,2.0
5.350956757477694,-2.666653452277609,2.0
4.636338654857261,-2.5866266336274717,2.0
5.1425506067755755,-1.701669401507764,2.0
4.798951253915242,-1.6592082024294974,2.0
4.838998775379593,-1.084053152138258,2.0
5.8668640958006275,-2.4442827191722087,2.0
4.432377131351326,-1.6756154022173717,2.0
4.453490921526401,-4.463160919686286,2.0
5.381784024129507,-0.3225876625917963,2.0
5.301360564269686,-1.37681536264299,2.0
4.773127417324004,-3.108239945553507,2.0
4.883552842738734,-2.065980676832283,2.0
4.774733367484698,-1.8945111410259847,2.0
5.065364734620061,-1.811583513914584,2.0
4.929343220657819,-1.8336388604527822,2.0
4.741584113996072,-3.0292002986273374,2.0
6.114193582276295,-3.0324782220939697,2.0
4.862015912404012,-1.9541086964989587,2.0
5.426639812045605,-1.3177127531260098,2.0
4.920843706119206,-1.6437015131533599,2.0
4.968459657388869,-1.9075088322697336,2.0
4.316783252574433,-2.622093040089854,2.0
4.955363181296662,-1.4732646764089758,2.0
4.984624777635338,-4.716618237511037,2.0
5.260619705580319,-2.259465532809257,2.0
4.606717449498126,-0.3921243938171193,2.0
5.1431860159121525,-3.186468534410784,2.0
4.733469924825748,-1.8072104364034622,2.0
4.316374927142105,-1.1452130744023483,2.0
4.1419927462948625,-1.99531771420483,2.0
5.566156120812689,-1.2142068936583246,2.0
4.450245555908099,-0.5959184735378082,2.0
4.832311263788673,-1.3924222660991337,2.0
5.452196567399993,-2.9860481441943953,2.0
5.279016788493809,-1.6999779673521358,2.0
5.0759752472918125,-2.8575488726590885,2.0
4.577074168495657,-1.8311383486884034,2.0
5.290717241280343,-1.7659410104160345,2.0
4.712146119009126,-4.171534050287487,2.0
5.026750718316574,-1.4414834725657126,2.0
5.16202668013038,-1.7746023097309997,2.0
4.739426819499813,-2.619154139133522,2.0
5.316646520868886,-2.628392339522438,2.0
5.122255456702853,-2.0688338023835704,2.0
5.1890554334912755,-1.2536408260133545,2.0
4.89559313235403,-1.488265196535532,2.0
4.983863443239321,-2.0605537146010002,2.0
4.519856247535659,0.4240949198187791,2.0
4.932147975368959,-2.5376242652628314,2.0
5.015426462535843,-1.6080616147397084,2.0
5.138194262583214,-1.7504352462163266,2.0
5.508804514980158,-2.5424599254803693,2.0
4.988231945923919,-1.5774945027338354,2.0
4.925728043822209,-3.2038502692640156,2.0
5.544510189675674,-1.2544235221031055,2.0
5.1384240290914285,-0.555253414978933,2.0
5.224730861292454,-3.140252472101813,2.0
5.383608337923898,-2.725488717359953,2.0
5.05097847726364,-3.701453732771571,2.0
4.9624263624917,-3.156906437176305,2.0
5.232346685201508,0.435432701295444,2.0
5.099781638037944,-2.2266011542405586,2.0
4.860817612889748,-1.0152899603160754,2.0
4.618025409277756,-1.6142190116587385,2.0
5.474052351228728,-2.009770966296858,2.0
5.253818783328161,-2.340484627097684,2.0
5.62863764856495,-2.2144268837333616,2.0
5.563662787136869,-1.21352263275927,2.0
4.554893328683575,-0.8978461506204864,2.0
4.640818548207561,-3.063850011297875,2.0
5.258919868593482,-1.1444865551051069,2.0
4.449099869838381,-2.16919814179196,2.0
5.044971066152769,-0.9014771740088925,2.0
4.863279618493512,-1.832513135686281,2.0
5.143179993282361,-3.3621483817501323,2.0
5.0082315413301925,-1.2704198097968198,2.0
4.471165673690493,-2.6097194054962283,2.0
2.7093372848508785,0.23671940022324608,3.0
1.950926312813905,-0.2950178011444472,3.0
2.4373273001970417,-0.4191673100849364,3.0
2.0392689793246896,0.39982752576799374,3.0
2.230274628799983,0.1712093992080077,3.0
1.7720956814042312,0.06022710648119162,3.0
2.119097502623793,-0.515661023792191,3.0
1.9493093228656346,-1.2995254471524136,3.0
2.061222626020182,1.2049014187346565,3.0
1.8851869309272247,0.6698810934792105,3.0
1.6401695215401388,1.5922881987683737,3.0
2.2328446388112315,-0.07836548765460694,3.0
2.181887358500982,1.7954935425521164,3.0
2.0277199508421373,-2.098029278330541,3.0
2.6292731252168475,-0.5344475087354851,3.0
1.97911225101524,0.11763187085709938,3.0
1.8557637930730926,-0.7200097655320257,3.0
1.727215151184728,0.7075536602850546,3.0
1.7265508187191005,0.05717776581879068,3.0
2.436545910764967,-0.4058820692081133,3.0
2.4159181604380087,0.945296582431609,3.0
2.20904231370564,0.31282179848138486,3.0
1.7585476437901455,-0.4143143772536556,3.0
2.387984209968865,1.1306935944714827,3.0
1.3552147020311485,0.4283418854411565,3.0
2.04358720230851,-0.6967254220216981,3.0
2.3826106848324726,-0.6701706568733121,3.0
1.9319762939675074,0.8556427052330343,3.0
1.2825342904720185,-0.6118768205487728,3.0
1.9906896209539484,-1.244720803721663,3.0
1.4786203124713426,1.416830599587059,3.0
1.9118223212672345,1.0949964042281126,3.0
1.6061579110990405,1.5298048791833767,3.0
1.422090256143377,-0.30956547665982825,3.0
2.1744343915140374,1.3595503757890646,3.0
1.9216254299936506,0.7646703907377843,3.0
2.439016066804873,-0.6618764818504468,3.0
2.387585468480237,-0.6409614235316554,3.0
2.850922855613085,0.3048066588136707,3.0
1.9889452579657585,0.4678314723783558,3.0
1.1676796744172135,0.632831514901454,3.0
2.361462429488257,0.6343005910237853,3.0
2.306236443248401,0.9903556977804578,3.0
1.71463449585602,1.0050590779140252,3.0
2.3081688226366714,-2.7055263914860053,3.0
2.146738044670716,0.00789850003872887,3.0
1.5369436875967502,-1.3909049352781924,3.0
2.3167562502407457,0.3046363123956636,3.0
1.8908759732366993,0.03095911275722659,3.0
2.083490896500059,0.26908905737373867,3.0
1.8023884491746118,0.2634607070050618,3.0
2.208261442750276,-0.32635953438406184,3.0
2.073871191037423,1.407886926722613,3.0
2.9288307838575216,0.7158568192693872,3.0
1.5230828510914267,-0.7520756622243545,3.0
1.6977944643491405,0.546345648542176,3.0
1.712322124549145,0.14356804074345725,3.0
2.0426265530500327,-1.4655769144752244,3.0
1.9441344672102197,0.5085283553666926,3.0
1.7159179677048921,-0.7009371798243176,3.0
1.9760395109738293,0.16217367663171842,3.0
2.412067532114813,0.7858550473266407,3.0
2.3688308057147482,0.7698182867141625,3.0
2.0172276598784338,-0.6320667161686215,3.0
2.2277904063312963,0.18791540789939015,3.0
2.02524861453465,0.35622644187838987,3.0
1.326656155559781,-0.6080057895263719,3.0
1.4215547840540546,-0.7216730731955788,3.0
2.1000363798709047,2.101134711100217,3.0
2.040792105462028,1.229786799715691,3.0
1.9537620526750918,-1.298669027310862,3.0
1.9306026553749558,-0.3537228189281668,3.0
1.9193691408707032,-1.1992953163191893,3.0
2.1489123407844115,-0.40121506547684815,3.0
2.0578883068480205,1.1106968563110204,3.0
2.1280451082945486,-1.268609132267351,3.0
1.934880050712288,-0.8188548266826323,3.0
2.4310165229233798,-0.07418716574890905,3.0
2.1150178356618996,-0.1084183079876455,3.0
2.085646431370426,0.030852259881331206,3.0
1.758297804471729,1.2761311431036904,3.0
1.9761137337670909,1.285505376317709,3.0
1.9353177747673722,0.024456826192484116,3.0
1.8065424456989467,0.9803794323201417,3.0
2.560347435047566,-0.13804804495710682,3.0
2.2121193723450254,1.4422879275493663,3.0
1.9823322007493278,1.736636559535747,3.0
1.9805751626184256,-0.8064148434596837,3.0
1.9969945006700747,-0.2584999831189643,3.0
2.146672196854309,-0.33495763603046536,3.0
2.227616501973791,-0.6844320160393874,3.0
1.9891069221524218,1.060316827177216,3.0
1.9705601623719475,1.241075070331335,3.0
1.9595580039892007,0.20189573304179648,3.0
1.7624735112696446,-0.21608860821759923,3.0
2.177839011546542,-1.128030548452491,3.0
2.5566317683356496,-1.059152867184961,3.0
1.556620947080999,-0.2175136179087871,3.0
1.6947953493696324,0.09630587669649582,3.0
1.8372832079971382,0.8435115650615397,3.0
1.7455293353610783,2.2782600338173205,3.0
1.860829693603465,-1.0183165480093115,3.0
2.3907490438062022,-1.5367255998781157,3.0
1.6184295190698985,-1.0060259904321127,3.0
1.9341556301949556,1.0714279679706702,3.0
2.470293033614745,0.19302709311468397,3.0
2.3086073059318943,-0.22001486126784184,3.0
2.058114154324849,2.3342654936610914,3.0
1.8125175606798511,-0.12981722417994246,3.0
1.680206807223442,-1.6645068025780407,3.0
1.9629424987163224,-0.4916190875601965,3.0
1.255607311921933,-0.30951433052141364,3.0
1.6608773444151588,0.2864300674343574,3.0
2.264730862202759,0.58364622769103,3.0
1.8528634172256013,0.006221212715894726,3.0
1.3645979513983642,1.217411243473202,3.0
2.1434546688777645,0.131917055176543,3.0
2.611247487504957,-0.19309948955373765,3.0
1.8488825303679526,0.061154759042342924,3.0
2.396352426467801,0.6505638136964519,3.0
2.0600368709768913,-1.4163291566691585,3.0
1.5677597251515074,-0.8786133194603388,3.0
1.886871182114839,0.11032850786647429,3.0
2.1256507364417265,-0.7088111372823424,3.0
1.6356697403568723,-0.9631523214837122,3.0
2.0278938700931732,-1.2089375884115623,3.0
1.8952772257657546,-0.5769198258882885,3.0
2.2246541188995037,0.4665835952147451,3.0
2.717868823196781,0.030144662073998123,3.0
1.5501739421963039,-2.2280816353742243,3.0
2.233545835679642,-0.004131247482641005,3.0
2.0661776257060653,-0.015469036532741317,3.0
2.395684592922614,0.39984822467408104,3.0
2.024023860879279,1.4404999789080648,3.0
2.384606811223611,0.3106151653895878,3.0
1.9738341563182373,-0.2964084600549357,3.0
1.9173565239319887,2.861026180514305,3.0
1.9925975013406625,0.9191611964304762,3.0
2.1744501337333246,0.13950215100353594,3.0
2.0906207645161587,0.6128933775829047,3.0
2.5421108765057414,0.39169914751802903,3.0
2.0754549141831955,0.8514542812486293,3.0
2.0892609954149175,1.0713939057918045,3.0
1.6371679318218937,-0.6152316697917859,3.0
1.8559970780391568,0.2873923113848874,3.0
1.8180836086189631,-0.16968685949987755,3.0
2.02042120413325,0.3887079926660647,3.0
2.3132654907462147,0.6106884747459899,3.0
3.070888204800519,-1.3226051306781257,3.0
2.1846800440670147,0.2586945280702422,3.0
2.007670156337362,-0.44544720459873927,3.0
2.1991683587284636,-0.36434223973937785,3.0
2.403472300632067,1.1486062948149482,3.0
2.1848229587731125,1.0586889219755122,3.0
1.7685309146256858,-0.4385063276525639,3.0
2.4934183964734,0.8884793996432356,3.0
2.2783162216669783,0.05499170554598075,3.0
1.734813425985433,-0.9751101491708608,3.0
1.6965141142896927,-1.33245965012982,3.0
1.6324794207961004,0.6274197852974662,3.0
1.9660806777466626,0.2820815929219316,3.0
2.1935706728780238,-0.6456396614067268,3.0
1.7454397109945334,-0.20227099650157113,3.0
1.9550177670737978,1.0873331535268889,3.0
2.054977461602604,0.48416378667591314,3.0
2.1259289822990204,1.6311140381980633,3.0
1.9587508100043116,0.43668135053268964,3.0
1.8142843199532666,-0.5345013867514011,3.0
2.1096251224908107,-1.5302577462994122,3.0
2.377022110892856,-0.590497973714537,3.0
2.2475865641181074,0.14400822689404832,3.0
1.7899463581188968,-0.5524488496417497,3.0
2.2754299701973646,-0.2665734248703252,3.0
1.6276064458353323,-1.2673697139059608,3.0
2.8634671717927254,0.2875313273250069,3.0
1.6578632533842939,-1.3690387274120686,3.0
2.1013980111970643,1.2313791605723807,3.0
1.8619253751258014,-0.790354672680201,3.0
2.3652659958387696,0.9108127343134762,3.0
2.1484340728717077,0.05842189753131233,3.0
1.7179744613786256,-0.60415764636126,3.0
1.5503917662674485,0.5853464504782837,3.0
1.8702201838240415,0.31441815821887875,3.0
1.6305608069588997,-0.8049095338602746,3.0
2.693500709054543,-0.5038082871719639,3.0
1.95467991371297,-1.2865712136447804,3.0
2.446761891100418,-1.3963108149521566,3.0
2.0030987415856627,1.1571285547383925,3.0
2.1326425539113685,0.2959076976454187,3.0
1.622883509590898,0.7168973618597467,3.0
2.0102105618841164,-0.07227441849600601,3.0
2.4272018645786497,-0.16059396339944898,3.0
1.8970247785930856,0.1635328824937619,3.0
1.9490924417710946,-0.1420369166718148,3.0
2.1407096494409545,-0.5333303197196726,3.0
2.0856082359660384,-0.05704049426066581,3.0
1.9142376632564888,0.8942611858545434,3.0
2.590631295449341,0.4428204161537152,3.0
2.067441026143146,-0.8115025222145854,3.0
2.1095531526960367,-0.20416880193248652,3.0
1.273813232883527,1.6790342791317792,3.0
1.749201694168765,-0.828854997909257,3.0
2.885206629608743,0.8841645123633153,3.0
2.038465501077676,-0.19621766297799625,3.0
1.5151674916638993,-0.7513694303139047,3.0
1.666614156255443,0.07503809193916079,3.0
2.025351726183158,-0.9620559495585759,3.0
1.6422904693122955,1.3406556830903578,3.0
1.88421348191899,-0.5485348014466953,3.0
2.6135031855767865,2.0734283437989776,3.0
2.096392209115732,0.3186507512526579,3.0
2.0471775913647408,1.3140825162701113,3.0
2.2918022780974914,0.9454000122893422,3.0
2.339821552756485,0.6509578384732007,3.0
1.5591993591697175,-0.22845029657341553,3.0
2.629249221205281,0.8175367777397812,3.0
1.8341103645627213,1.2067662523485658,3.0
2.0128529821012133,-0.169742312282664,3.0
2.2046073618476,1.5383447893737252,3.0
1.8405787625622727,-0.03854220698792259,3.0
2.4631612674473247,0.6417861250952017,3.0
1.4917581274054648,-0.6160000842288441,3.0
1.8021405751753745,0.01761221583798121,3.0
2.377990403624473,-1.0486889015683858,3.0
2.061777513430249,-0.5413243574710969,3.0
2.3906889669871,-0.22587766661281797,3.0
2.0287486261059264,0.1490517648666317,3.0
2.0638090161122666,0.5251545417420086,3.0
1.8844347144418416,-1.2632327080394925,3.0
2.0390199791265955,-0.9443863129962349,3.0
1.8690870490712754,-1.3961342054568509,3.0
1.7835608399220884,1.504461846586925,3.0
1.865934620346123,-1.6698058851864754,3.0
1.8845955472108928,-0.0016826707638099862,3.0
1.9818613414057873,0.5193330127461208,3.0
2.3238060001913623,1.9376424827600804,3.0
1.8049550805339345,-0.6487404941391024,3.0
2.1819422473805643,-1.2845097976558986,3.0
1.9403072105641694,-0.10143887426372546,3.0
2.316795169709331,-0.2709509167157151,3.0
2.029516699124397,1.2097228049159856,3.0
2.167510488992149,0.18307692288641897,3.0
1.6688589838424561,0.3024388818096791,3.0
1.510926342532347,-0.32121472182327726,3.0
1.8856904489401884,-0.5215827427884719,3.0
1.9158099493880023,0.2504752629890048,3.0
1.2033498184639702,0.19399832533790667,3.0
2.6013810661388295,0.028731480640217303,3.0
1.296440620886766,-0.9819465937350027,3.0
2.3820618744821758,0.6062126360023531,3.0
2.4942081895389374,-0.8027651737850453,3.0
2.0476896492118386,-0.9912625873090456,3.0
1.9685810984362428,-0.47810543598101723,3.0
1.7391621675835984,-0.6421315589502757,3.0
1.5697406921143515,0.1308342815620746,3.0
1.6543173624454137,0.2897376277782888,3.0
2.128181124008855,0.9904533278484676,3.0
2.143662186022243,-0.7758543229830546,3.0
2.1123809228744794,-1.4473659835654924,3.0
2.481881431232001,0.7522412978291492,3.0
1.9589032421759347,-1.6803740237136064,3.0
2.2622754460457455,-0.7081291661217168,3.0
2.3653045194314357,0.5765557421104499,3.0
2.1139177518935024,-0.45520642155820035,3.0
2.132123040271163,-1.8203774045759866,3.0
1.953424258004428,-2.062157586704638,3.0
2.3399500264690447,0.6169185348449516,3.0
1.4711749986485816,-0.5253834004758907,3.0
2.3762179639203715,-1.1204163982241049,3.0
1.4790246580904378,1.4630794616489424,3.0
2.601394138813238,-1.2410864970523092,3.0
2.2415116749261217,0.1407059981987454,3.0
1.7636785401662982,-1.6203185585593705,3.0
1.9319388187112665,-1.2293114895830926,3.0
2.5228927557035616,-0.11820763709685045,3.0
1.6244888124649568,-0.5808618819423867,3.0
1.9619301256758648,-0.41740827070080905,3.0
1.7027796509634312,-0.9735025434585849,3.0
2.2207026324756036,-1.4059567154211363,3.0
1.7200436846158527,0.27750924396651094,3.0
2.4441747077452356,-0.5988971032882585,3.0
2.0831085529579907,1.4383902320471216,3.0
1.6435422377093865,0.5516125033788176,3.0
2.147887158017411,-0.007794447881893558,3.0
1.9409713024973376,-0.6834847313168226,3.0
2.0279085652129214,1.141065220541398,3.0
1.903404685584163,0.6729331270419731,3.0
1.7208801877626325,-0.727403270772317,3.0
1.828618228712331,-0.6168485542263955,3.0
1.0521453536223169,0.6004225535716387,3.0
2.0812150175270614,-0.8202175233441269,3.0
1.880506018606156,-0.017868569037263114,3.0
2.2853892478423887,-0.6115426585709822,3.0
2.3116138211472648,0.9638608528026616,3.0
1.7041383106696064,0.4008115224943626,3.0
2.118070966742612,0.7451722908189812,3.0
2.683424909594879,0.12025790070510642,3.0
1.6240349578795525,-0.20902640527106373,3.0
2.0069212390398974,-0.0903753201952025,3.0
1.9040280083266279,1.0224850961190768,3.0
1.8001959557773115,0.6308960624141255,3.0
1.8054392336532417,0.38305862941873,3.0
1.673015822798611,0.07432125603889798,3.0
1.6896825892421985,-1.643417493151719,3.0
1.6470548497455906,-0.22702099551519325,3.0
1.91381425325764,-0.11886232814975567,3.0
1.8941221321602277,-0.9547989716296,3.0
1.9158277945178999,-0.8794802119891343,3.0
1.5044400014491592,-0.1335942873095263,3.0
2.1319670139693576,0.22988832192742795,3.0
1.6844951425205066,-0.578586733545697,3.0
2.001728039674693,-0.4299276422296604,3.0
1.6893734488901437,2.172966404910649,3.0
2.3135168444626033,-1.376365258242921,3.0
1.5145774105816547,1.1495021971207553,3.0
1.8176059228824624,-0.08386625082036056,3.0
1.7099453658494932,0.05001362623609841,3.0
1.921342121212905,-0.05559060484774099,3.0
2.100092071381078,1.5862910378375594,3.0
2.425705615390589,-0.8707800330894142,3.0
2.070977575677649,0.3102770737598642,3.0
1.880562942400356,0.3064363946615595,3.0
1.8965629062637988,-0.6709863374522955,3.0
1.643945151469586,-1.4659478259901648,3.0
1.8555754862798342,-0.2898799037213758,3.0
2.0978534563092555,-0.5800561643970592,3.0
1.638754880354954,0.08099230882467529,3.0
1.9271816484036233,-0.5515054991627371,3.0
2.078124547134546,0.27812616122724954,3.0
2.1842777300865976,1.222835346322213,3.0
1.8044118293466427,0.18848448973108967,3.0
1.754699705294353,-0.9841590062768513,3.0
1.535063543402614,-0.7896907239925576,3.0
2.5716774644440568,2.1991652133162987,3.0
1.3180800225216585,1.4230996701079297,3.0
1.2365379199315916,2.007530177061915,3.0
1.4440218511563634,1.107639534798721,3.0
1.69403997324224,-0.2662752894000687,3.0
1.5867518584552995,0.1692355306682264,3.0
1.929329795435665,-0.344153073753266,3.0
1.491241583694289,-2.1431572549218485,3.0
1.7256374446997744,0.3262037017648158,3.0
2.2551786023855045,-0.14962555745032102,3.0
2.0424951018466477,-0.03968341414123156,3.0
2.12330671770809,-1.5819042282055975,3.0
1.78474246187709,0.4564291531980833,3.0
2.454603329922251,0.41422225597339196,3.0
2.1761854040765263,0.5179360203056872,3.0
1.8557685331158624,-0.6796903516093938,3.0
1.9823898912136462,0.29650324622290014,3.0
1.5372589181514167,-0.39070166450554006,3.0
1.8808118994748664,0.7894352969802477,3.0
2.1923450351360656,0.8292845054191442,3.0
2.5376603025781472,-0.893010694976487,3.0
1.6423994616328912,0.44467149835428077,3.0
2.008804299501631,-0.4139396132729468,3.0
1.617615366808306,-0.2732151417524341,3.0
1.7024827450643885,0.4830942959724716,3.0
1.8971827573862599,0.9999959217744594,3.0
1.4033634709822564,0.7601173836178261,3.0
2.031217650765779,1.4630007084661947,3.0
1.9300756703896438,-1.998155973361752,3.0
2.067621008847681,0.36340846827222417,3.0
2.176374591036502,-0.5350010036179259,3.0
1.8280496246394662,1.0846837319676808,3.0
2.3686412179322724,0.2037045877129388,3.0
1.9747841463572322,-0.03498153308146101,3.0
1.561328030024316,1.0571716054050806,3.0
0.9537509144581608,-0.5901841912712985,3.0
1.638110409179376,-0.4924760771384224,3.0
1.9086275318892005,-0.40135727565411505,3.0
2.2442603789161346,0.027568387574661547,3.0
1.803376758050105,-0.24596510295014465,3.0
1.8970767621037123,-0.4829376688816408,3.0
1.672474674360434,-1.5412355285702777,3.0
1.2096466040858163,0.8750033672366876,3.0
1.864352965174119,-0.18997337620756044,3.0
2.5357599584596997,-0.08445023746624936,3.0
1.8603339080792856,2.2216758168154125,3.0
2.27030121416108,1.6004031212930727,3.0
2.279485420468981,-0.08260746472326334,3.0
2.4377935971898457,0.2777301027698943,3.0
2.680147337721506,-1.0150945448238335,3.0
2.5482181000914843,1.1439315824950396,3.0
1.9430581492309846,-0.599924834982817,3.0
2.089596689825987,0.7989372465220923,3.0
2.053446761110892,0.485368055023845,3.0
1.7022058398809974,-0.05341239349566279,3.0
2.3438369375611776,-1.1573858973679025,3.0
1.8964280723789482,0.25403941268678354,3.0
1.991170683610004,0.6140876793235375,3.0
1.8735303645920622,1.3939293353507147,3.0
1.9489318627477838,0.6069224284067136,3.0
1.9350249466890905,-0.5118198657799599,3.0
2.598804287045961,-0.23440231555909788,3.0
1.5319121293908238,0.6301991853110886,3.0
2.018484862417378,-0.16207559219779896,3.0
2.2251297005606263,0.1852205219139034,3.0
1.9952667184955863,1.0344768327522078,3.0
1.8888540851669673,-1.2111365912355114,3.0
1.8181731802088867,0.1980959936318406,3.0
2.2492330442163047,-0.29368298995764974,3.0
1.6498232564849118,-1.7443989684154535,3.0
1.516621218477776,1.165701399405259,3.0
1.4910380129425378,-0.3807457243214853,3.0
2.3568262534423168,-0.5038490282598073,3.0
1.7498801818299066,0.5249070910012038,3.0
2.4189193513342504,1.0656698351842284,3.0
1.6681337204449245,0.6618562821779546,3.0
1.9972691844944028,-0.14223338753413461,3.0
1.661338000008333,-1.6955365659950392,3.0
2.002815089803924,0.21053113263963616,3.0
2.282919540313743,-0.9976820638522435,3.0
2.1546004707862427,0.5889065409261819,3.0
1.5992582386274439,-1.2567080822041818,3.0
2.047770192067068,0.6895993971361263,3.0
1.9556452713547463,-0.34933656175833094,3.0
2.143791958334918,2.002420376111727,3.0
2.050451571786517,-1.4491032236285777,3.0
1.885743127874581,-0.6789516121684358,3.0
1.4481030427615167,-0.6113267589126306,3.0
1.5906306818537834,-2.1991147196569245,3.0
2.172669997595565,1.1329749808622613,3.0
2.050637406018593,2.3243182766059913,3.0
1.8070924252860592,0.2307146433453042,3.0
2.0869878398397748,-0.8969578176230467,3.0
1.5701268368401229,-0.6743959183592656,3.0
1.803697537329825,0.17275425543090425,3.0
1.6092035525614248,-0.4768253255805926,3.0
2.126307616285686,-1.191744154363088,3.0
1.4938782627761231,0.5649992681889043,3.0
2.102250489647709,-0.5358777743665283,3.0
1.7053659874996052,-0.10263059846501421,3.0
2.4503743549235306,-0.7778136418574406,3.0
2.337152799323877,0.39161602260603123,3.0
2.4325716016164503,-0.9181291472299052,3.0
2.0358328256215508,0.14200879720987827,3.0
1.9712393808060529,0.4403353076101422,3.0
2.563099181138405,0.981922796123908,3.0
1.6412570573347973,0.1819125943633417,3.0
1.481564841810747,0.09832092550090854,3.0
1.715948975533108,0.34961107630065547,3.0
1.4704901988823407,1.2620979294687737,3.0
2.4081946209713183,1.1308558815438767,3.0
2.425372438598341,0.6197897317004487,3.0
2.094162919034974,1.2453418848741036,3.0
1.3916726298542719,-0.14271285432455147,3.0
2.0123455777005614,0.9674888305500208,3.0
2.300163117358724,-0.08833218653420505,3.0
1.6884154674085678,0.32067128352531366,3.0
1.473973798336369,1.8088244480855764,3.0
1.8293351157513549,0.06086421063031176,3.0
2.328869590755953,-0.37863970652075546,3.0
1.952653110634952,0.9457584372567415,3.0
1.793983984899467,0.13266719373077832,3.0
2.7501603875261793,-1.845050662496871,3.0
1.6011333621004997,-0.560281940664268,3.0
1.7305053765976952,0.4952709018516684,3.0
2.5856593978795015,-1.7879219741084313,3.0
1.7020657339328318,-0.013801257449180978,3.0
1.9348373372049006,-1.3525176154834946,3.0
1.803602424422788,-1.050359802261347,3.0
2.0587276951221236,0.09973668727580605,3.0
1.9986672416109221,-0.4336562657344366,3.0
2.3667870510468396,0.5771566454768163,3.0
2.28652930697141,0.02280651491197122,3.0
1.7016757599534769,0.5270840843958764,3.0
2.087795923520188,0.8084406579052029,3.0
1.7626663686203443,0.08316644470758516,3.0
2.172400962445781,-0.48574215219569383,3.0
2.124389919340976,-0.31789288641243457,3.0
1.9688257296504739,1.3692717592773467,3.0
2.127094469180671,-1.4565817157039096,3.0
1.9398296987823376,1.226327626890576,3.0
2.3262370876022427,-0.648251557567307,3.0
1.5941876390958922,1.8771033827527828,3.0
2.095791901606281,-0.4870749195353764,3.0
1.0724632739111308,-1.291531070434598,3.0
2.133869832499238,-0.1269481584699243,3.0
1.7286848431233404,0.47125083365658954,3.0
1.7223205579665064,0.07375130691214601,3.0
2.2639177010002647,-0.034931418716559075,3.0
1.7371239120423896,0.8446944191044322,3.0
2.4331197644606584,0.28643227036753743,3.0
1.8735516029603823,0.939568216298024,3.0
2.468137633160127,-0.18666668687386095,3.0
1.8780889595609014,-1.252985963418098,3.0
2.0944664940928637,-0.5915864289070452,3.0
2.180791516573566,-0.5313757176775082,3.0
1.8123414503723776,-1.31720539496794,3.0
2.124807592124502,-0.8773220090996864,3.0
2.136175371878793,0.9605371840763687,3.0
1.9599752570289677,-0.1945694254759349,3.0
1.9428830575361402,-0.4131050975006488,3.0
2.135760662644346,0.5795919004131778,3.0
1.7618828365105579,-1.2595816434265183,3.0
2.177915718199447,-0.3055834523670982,3.0
2.0630731847107238,0.12535659724611137,3.0
1.8277943920763362,-1.0111478644467786,3.0
2.253063299325383,0.044115606418037606,3.0
